,user_id,start_time,end_time,condition,education,job,identification_with_goal,current_pursuit_of_target,readiness_to_change_start,readiness_to_change_end,wai_sr_1,wai_sr_2,wai_sr_3,wai_sr_4,wai_sr_5,wai_sr_6,wai_sr_7,wai_sr_8,wai_sr_9,wai_sr_10,wai_sr_11,wai_sr_12,fa_s1,fa_s2,fa_s3,pu_s1,pu_s2,pu_s3,rw_s1,rw_s2,rw_s3,pm_1,pm_2,pm_3,pm_4,pm_5,pm_6,pm_7,pm_8,pm_9,pm_10,pm_11,cc_1,cc_2,cc_3,cc_4,pe_1,pe_2,pe_3,attention_check,Submission id,Time taken,Total approvals,Age,Sex,Therapeutic Alliance,User Engagement,Perception of MI,Perception MI Inadherent,Perceived Empathy,Communication Competence,Readiness to Change (Delta),stage,target_behaviour,Cooperative,Reflective,Pre-informed/finds own solution,Next Step developed in chat,Chat Succesfull,Contained technical issue,Own Perspective,Summary Succesfull,harmful,gut/hilfreich,schlecht/unpassend,change,Follow/Neutral,sustain,Reason,Commitment,Taking Steps,desire,General Reason,ability,need,Rd+,FN,R_+,C+,Ra+,R_-,TS-,TS+,Rd-,Ra-,Rn+,Rn-,C-
0,5592a7f2fdf99b3a9e651fd9,2023-08-08 14:59:49.246355,2023-08-08 15:24:33.913124,framework,Master-Abschluss,Musiker,8.0,8.0,7.0,7.0,3,2,1,3,3,3,4,4,3,3,4,4,3,5,5,4,4,5,5,5,4,4,4,4,4.0,2,4,3,4,3,4,3,5,5,5,5,4,4,5,Stimme überhaupt nicht zu,64d23c118b9d14b04645b779,25.7,649,57,Male,3.0833333333333335,4.444444444444445,39.0,6,4.333333333333333,5.0,0.0,preparation,gesünder essen,0.5,0,0,0,0,0,0,0,0.0,7.0,0.0,4.0,5.0,0.0,3.0,1.0,0.0,1.0,2.0,0.0,0.0,1.0,5.0,2.0,1.0,0.0,0.0,0.0,0.0,0.0,0.0,0.0,0.0,0.0
1,591aac50ef20c600015d8c5d,2023-08-08 16:37:15.342634,2023-08-08 17:02:59.270676,framework,Master-Abschluss,Computerlinguistik,10.0,10.0,9.0,10.0,1,2,1,2,5,1,3,2,3,2,1,4,1,2,4,3,5,5,4,4,5,5,5,5,5.0,5,5,4,4,5,4,1,5,5,5,5,5,4,4,Stimme überhaupt nicht zu,64d252f78e65feea3deec857,26.5,1047,28,Female,2.25,3.6666666666666665,48.0,0,4.333333333333333,5.0,1.0,action,weniger prokrastinieren,1,1,1,1,1,0,0,No,1.0,7.0,0.0,4.0,2.0,3.0,5.0,1.0,1.0,0.0,4.0,1.0,0.0,0.0,2.0,2.0,1.0,1.0,2.0,1.0,0.0,0.0,0.0,0.0,0.0,0.0
2,593ed931d7edb800015241ce,2023-08-07 16:25:00.744608,2023-08-07 16:41:43.949226,framework,Abitur,Berufstätig,10.0,9.0,8.0,10.0,4,2,3,3,2,4,2,3,1,3,5,5,1,3,4,4,4,5,4,4,4,4,4,3,2.0,5,4,3,2,5,3,2,5,5,4,4,2,3,3,Stimme überhaupt nicht zu,64d0fe9256704afa0ffb99b9,17.233333333333334,533,34,Male,3.0833333333333335,3.6666666666666665,37.0,1,2.6666666666666665,4.5,2.0,preparation,gesünder essen,1,1,1,1,1,0,0,No,0.0,6.0,1.0,6.0,2.0,1.0,4.0,1.0,2.0,1.0,2.0,1.0,0.0,0.0,2.0,2.0,1.0,1.0,0.0,0.0,2.0,1.0,0.0,0.0,0.0,0.0
3,599b3cedd0bcd10001dd939a,2023-08-09 12:52:59.707858,2023-08-09 13:04:05.192081,no_system,Bachelor-Abschluss,arbeitssuchend,10.0,9.0,7.0,9.0,2,3,4,4,4,4,4,3,3,5,4,4,1,4,4,5,5,5,5,4,5,4,3,3,3.0,2,3,2,2,3,4,2,4,4,5,5,4,4,4,Stimme überhaupt nicht zu,64d36fedffb7901c74b18f75,11.566666666666666,377,30,Male,3.6666666666666665,4.222222222222222,31.0,7,4.0,4.5,2.0,preparation,weniger prokrastinieren,1,0,1,1,1,0,0,0,2.0,7.0,0.0,3.0,6.0,0.0,2.0,1.0,0.0,1.0,1.0,0.0,0.0,1.0,6.0,1.0,1.0,0.0,0.0,0.0,0.0,0.0,0.0,0.0,0.0,0.0
4,5a06ebf2c259f300017656ee,2023-08-09 12:54:12.839555,2023-08-09 13:13:46.172634,framework,Bachelor-Abschluss,Student Informatik M.Sc.,6.0,5.0,8.0,6.0,1,1,1,1,1,1,1,1,3,2,5,1,1,3,3,4,5,5,3,2,4,2,4,2,2.0,5,1,1,2,5,2,1,4,4,3,4,2,2,2,Stimme überhaupt nicht zu,64d370310153ff2a4844e7a8,20.166666666666668,640,26,Male,1.5833333333333333,3.3333333333333335,27.0,1,2.0,3.75,-2.0,preparation,gesünder essen,1,1,1,0,1,0,0,0,0.0,4.0,3.0,4.0,2.0,3.0,6.0,1.0,0.0,0.0,3.0,3.0,0.0,0.0,2.0,2.0,1.0,1.0,1.0,0.0,0.0,0.0,2.0,0.0,0.0,0.0
5,5a1542e20fff620001a6d2dc,2023-08-11 09:27:16.853184,2023-08-11 10:06:00.440405,no_system,Bachelor-Abschluss,"Angestellter, Luftfrachtdokumentarist",7.0,7.0,6.0,7.0,2,1,2,2,4,3,3,3,4,3,4,3,2,2,3,4,5,4,3,3,3,2,5,1,2.0,4,2,3,2,4,2,1,5,4,3,4,4,3,3,Stimme überhaupt nicht zu,64d5e29d4f267cd837ed8c46,39.68333333333333,1046,44,Male,2.8333333333333335,3.2222222222222223,28.0,2,3.3333333333333335,4.0,1.0,contemplation,gesünder essen,1,1,1,1,1,0,0,0,4.0,5.0,2.0,6.0,1.0,2.0,7.0,1.0,0.0,0.0,7.0,0.0,0.0,0.0,1.0,5.0,1.0,0.0,2.0,0.0,0.0,0.0,0.0,0.0,0.0,0.0
6,5a71c8ccb7fcdc0001e40726,2023-08-14 15:22:59.472128,2023-08-16 12:04:35.726276,framework,Abitur,selbstständig,9.0,9.0,9.0,9.0,2,2,2,4,4,4,3,3,2,3,3,3,2,3,3,5,4,4,3,4,4,4,4,3,3.0,4,4,3,2,3,4,3,4,4,4,4,3,4,4,Stimme überhaupt nicht zu,64dc992a8728d05e89c86d12,25.216666666666665,173,28,Male,2.9166666666666665,3.5555555555555554,37.0,4,3.6666666666666665,4.0,0.0,action,gesünder essen,1,1,1,1,1,0,0,0,0.0,7.0,0.0,7.0,2.0,0.0,3.0,1.0,3.0,2.0,0.0,1.0,0.0,2.0,2.0,0.0,1.0,1.0,0.0,0.0,3.0,0.0,0.0,0.0,0.0,0.0
7,5a74e93feea3d300016dd8ca,2023-08-09 09:09:08.108599,2023-08-09 09:22:51.410589,no_system,Abitur,Informatiker,7.0,5.0,2.0,6.0,3,3,2,4,3,3,3,3,3,3,3,3,1,2,2,5,5,5,4,4,4,4,3,3,4.0,3,3,3,3,5,2,1,5,5,5,5,2,3,3,Stimme überhaupt nicht zu,64d33b7655221e26b9c2b15e,14.133333333333333,1534,33,Male,3.0,3.5555555555555554,34.0,4,2.6666666666666665,5.0,4.0,precontemplation,gesünder essen,0.5,0,0,1,0,0,0,No,6.0,5.0,2.0,1.0,5.0,3.0,3.0,0.0,1.0,0.0,3.0,0.0,0.0,0.0,5.0,1.0,0.0,0.0,2.0,1.0,0.0,0.0,0.0,0.0,0.0,0.0
8,5a7fab56f49c9a0001f3549e,2023-08-10 10:01:11.045583,2023-08-10 10:31:25.904833,no_system,Bachelor-Abschluss,Personalberater ,7.0,7.0,5.0,7.0,4,5,3,4,5,5,3,5,3,4,5,4,2,5,5,4,5,4,5,5,5,4,1,4,5.0,2,4,3,4,3,4,5,5,5,4,5,5,4,5,Stimme überhaupt nicht zu,64d4986962e3d9ceac408e08,31.4,2402,30,Male,4.166666666666667,4.444444444444445,39.0,9,4.666666666666667,4.75,2.0,contemplation,weniger prokrastinieren,0.5,1,1,1,1,1,0,0,4.0,6.0,1.0,4.0,4.0,1.0,5.0,0.0,0.0,1.0,1.0,1.0,2.0,1.0,4.0,1.0,0.0,0.0,0.0,0.0,0.0,0.0,1.0,2.0,0.0,0.0
9,5aad4225811b2000016f6ed1,2023-08-14 15:07:15.462176,2023-08-14 15:21:02.189837,no_system,Bachelor-Abschluss,Qualitätsmanager in der Altenpflege in Vollzeit,0.0,8.0,7.0,7.0,3,2,4,3,3,2,2,3,3,2,2,2,2,3,2,5,5,5,4,4,4,3,4,2,2.0,3,3,3,4,4,2,1,5,4,4,4,3,4,4,Stimme überhaupt nicht zu,64da26e9ed2f9b7eb0990620,14.216666666666667,677,34,Male,2.5833333333333335,3.7777777777777777,31.0,4,3.6666666666666665,4.25,0.0,preparation,nachhaltiger leben,1,1,1,1,1,0,0,0,3.0,7.0,0.0,6.0,2.0,1.0,4.0,3.0,0.0,0.0,2.0,2.0,0.0,0.0,2.0,2.0,3.0,1.0,0.0,0.0,0.0,0.0,1.0,0.0,0.0,0.0
10,5b0d0f0ebd9c3100015655d9,2023-08-07 15:43:49.654153,2023-08-07 16:02:48.074684,no_system,abgeschlossene Berufsausbildung,Crowdworker,7.0,4.0,6.0,9.0,2,1,1,2,1,3,1,2,1,1,3,2,1,2,2,3,5,4,2,2,4,3,5,1,2.0,5,2,4,1,1,1,1,4,4,4,3,2,2,3,Stimme überhaupt nicht zu,64d0f4445d3b281a56b5c587,19.7,1383,53,Male,1.6666666666666667,2.7777777777777777,26.0,4,2.3333333333333335,3.75,3.0,contemplation,weniger prokrastinieren,0,0,0,1,0,0,0,0,6.0,4.0,4.0,0.0,7.0,2.0,2.0,0.0,0.0,1.0,0.0,0.0,1.0,0.0,7.0,0.0,0.0,0.0,0.0,0.0,0.0,1.0,0.0,0.0,1.0,0.0
11,5b21646bdf28a7000166f4dc,2023-08-08 16:45:27.915187,2023-08-08 17:06:44.815532,no_system,mittlere Reife,Mediengestalter,0.0,9.0,1.0,1.0,4,3,3,4,4,4,2,4,3,5,4,5,3,5,4,5,5,5,5,5,5,5,3,5,5.0,3,4,3,3,2,5,3,5,5,5,5,4,5,5,Stimme überhaupt nicht zu,64d25494fe126612fabaff1b,22.5,1221,32,Male,3.75,4.666666666666667,41.0,7,4.666666666666667,5.0,0.0,precontemplation,gesünder essen,1,1,1,1,1,0,0,0,2.0,7.0,0.0,7.0,2.0,0.0,7.0,0.0,0.0,2.0,4.0,1.0,0.0,2.0,2.0,4.0,0.0,1.0,0.0,0.0,0.0,0.0,0.0,0.0,0.0,0.0
12,5b327d06adb0f7000125460e,2023-08-09 09:40:00.659577,2023-08-09 10:17:58.049157,framework,Abitur,Erwerbstätig Angestellte,10.0,9.0,10.0,10.0,5,2,4,4,4,4,5,4,3,4,4,5,2,4,5,3,4,4,4,4,5,5,3,5,5.0,4,4,5,2,5,4,1,5,4,4,5,5,5,4,Stimme überhaupt nicht zu,64d342b6101a431a026efb92,38.43333333333333,163,29,Female,4.0,3.888888888888889,43.0,3,4.666666666666667,4.5,0.0,maintenance,weniger prokrastinieren,1,1,1,0,1,0,0,0,0.0,6.0,2.0,4.0,4.0,1.0,5.0,0.0,0.0,3.0,1.0,1.0,0.0,3.0,4.0,1.0,0.0,0.0,0.0,0.0,0.0,0.0,1.0,0.0,0.0,0.0
13,5b648251bd56550001bf31fd,2023-08-07 15:55:55.527633,2023-08-07 16:14:21.917132,framework,Abitur,Alltagsbegleiterin,10.0,5.0,6.0,7.0,1,1,1,1,1,5,1,5,1,1,5,1,1,5,5,5,5,5,2,2,5,2,5,2,2.0,5,1,3,1,4,1,1,5,3,3,3,4,4,4,Stimme überhaupt nicht zu,64d0f7a71a75a315e5560c45,19.666666666666668,1730,51,Female,2.0,3.888888888888889,27.0,1,4.0,3.5,1.0,contemplation,gesünder essen,1,1,0,0,0,0,0,0,0.0,6.0,1.0,1.0,4.0,4.0,4.0,0.0,1.0,1.0,1.0,1.0,1.0,1.0,4.0,0.0,0.0,0.0,1.0,1.0,0.0,0.0,1.0,0.0,1.0,0.0
14,5bbbdca68f3bd70001e713ef,2023-08-10 12:45:51.618428,2023-08-10 13:03:11.503103,no_system,Bachelor-Abschluss,Testkäufer,8.0,2.0,5.0,8.0,3,2,3,3,4,4,4,4,2,3,4,3,2,4,2,4,4,4,4,4,4,3,4,4,2.0,3,2,2,2,4,3,1,4,4,4,4,4,4,4,Stimme überhaupt nicht zu,64d4bfc24231c1b762a8880c,17.85,1374,35,Male,3.25,3.5555555555555554,30.0,4,4.0,4.0,3.0,contemplation,gesünder essen,1,1,1,1,1,0,0,0,3.0,7.0,0.0,4.0,5.0,0.0,2.0,2.0,0.0,0.0,2.0,0.0,0.0,0.0,5.0,2.0,2.0,0.0,0.0,0.0,0.0,0.0,0.0,0.0,0.0,0.0
15,5be454621effe60001cbf290,2023-08-10 09:26:06.877079,2023-08-10 09:39:32.1021,framework,abgeschlossene Berufsausbildung,Informatikerin,6.0,2.0,2.0,1.0,4,1,1,2,1,1,2,4,1,2,2,3,1,1,2,2,4,2,2,1,4,4,5,4,5.0,4,3,4,2,5,3,2,4,4,2,4,4,4,4,Stimme überhaupt nicht zu,64d490e92d176f3efe256ebc,13.95,463,26,Male,2.0,2.111111111111111,41.0,1,4.0,3.5,-1.0,precontemplation,weniger prokrastinieren,1,0,0.5,0,0,0,0,0,1.0,5.0,2.0,4.0,4.0,1.0,5.0,0.0,0.0,0.0,2.0,2.0,1.0,0.0,4.0,2.0,0.0,1.0,0.0,0.0,0.0,0.0,1.0,1.0,0.0,0.0
16,5be95af71ca46b0001862746,2023-08-08 12:05:16.266405,2023-08-08 12:23:53.185903,framework,Master-Abschluss,veranstaltungsmanager,8.0,8.0,6.0,8.0,3,4,3,4,2,4,3,3,1,4,4,4,3,4,5,5,5,5,4,4,5,3,4,3,2.0,5,4,4,1,4,4,2,5,4,4,5,3,4,4,Stimme überhaupt nicht zu,64d2133844562967e33569ab,19.616666666666667,1563,48,Male,3.25,4.444444444444445,36.0,2,3.6666666666666665,4.5,2.0,contemplation,gesünder essen,1,0,0,1,1,0,Unsure,0,3.0,7.0,0.0,3.0,3.0,3.0,4.0,0.0,2.0,0.0,2.0,2.0,0.0,0.0,3.0,2.0,0.0,1.0,0.0,2.0,0.0,0.0,1.0,0.0,0.0,0.0
17,5c0f8d00367ee9000125404a,2023-08-16 13:30:39.984976,2023-08-16 13:57:05.954296,no_system,Bachelor-Abschluss,Student,8.0,8.0,8.0,9.0,3,4,3,3,4,4,4,4,2,4,4,4,4,4,4,5,4,5,4,4,4,4,4,4,4.0,2,4,4,4,2,4,4,4,4,4,4,4,4,4,Stimme überhaupt nicht zu,64dcb28b890d247039b42512,30.116666666666667,1251,32,Male,3.5833333333333335,4.222222222222222,40.0,7,4.0,4.0,1.0,preparation,weniger prokrastinieren,0,0.5,0,1,0,0,0,0,3.0,7.0,0.0,1.0,5.0,2.0,3.0,0.0,0.0,0.0,2.0,0.0,1.0,0.0,5.0,0.0,0.0,0.0,2.0,0.0,0.0,0.0,0.0,1.0,0.0,0.0
18,5c8ab4225b8132001749d125,2023-08-07 16:42:04.158068,2023-08-07 17:00:30.136278,no_system,Bachelor-Abschluss,Freiberuflerin,10.0,8.0,7.0,8.0,2,1,2,2,2,2,2,1,2,1,2,5,1,2,2,3,5,4,2,2,4,2,5,1,1.0,5,1,1,1,4,1,1,4,4,3,3,2,2,2,Stimme überhaupt nicht zu,64d1024689d448e7e4edeb7d,20.516666666666666,1897,38,Female,2.0,2.7777777777777777,23.0,1,2.0,3.5,1.0,preparation,weniger prokrastinieren,1,0.5,1,0,0,0,0,0,5.0,6.0,1.0,2.0,5.0,2.0,3.0,0.0,1.0,0.0,0.0,2.0,1.0,0.0,5.0,0.0,0.0,0.0,0.0,0.0,1.0,0.0,2.0,1.0,0.0,0.0
19,5c9295ebec114b0015418738,2023-08-16 13:10:31.188799,2023-08-16 13:21:04.65709,framework,abgeschlossene Berufsausbildung,IT-Systemadministrator,7.0,3.0,5.0,5.0,1,1,1,1,1,1,1,2,3,1,1,1,1,1,2,2,3,2,1,1,4,1,5,2,1.0,5,1,1,2,5,1,1,4,4,2,2,1,2,2,Stimme überhaupt nicht zu,64dcae9197ca525eb8c86d01,10.983333333333333,502,25,Male,1.25,1.8888888888888888,25.0,0,1.6666666666666667,3.0,0.0,contemplation,nachhaltiger leben,0,0,0,0,0,0,0,No,1.0,4.0,3.0,1.0,7.0,1.0,1.0,0.0,1.0,0.0,1.0,0.0,0.0,0.0,7.0,0.0,0.0,0.0,1.0,0.0,1.0,0.0,0.0,0.0,0.0,0.0
20,5c9fd46cfd19090012b4ac8b,2023-08-07 16:39:19.611781,2023-08-07 17:00:38.331821,framework,Master-Abschluss,Doktorand,8.0,7.0,7.0,8.0,2,2,1,1,2,2,2,1,1,1,1,1,2,2,3,2,2,2,4,2,4,3,4,2,4.0,4,2,1,1,5,2,1,4,3,2,2,1,1,1,Stimme überhaupt nicht zu,64d1015869ca56bfc1e0d6ba,22.433333333333334,535,30,Female,1.4166666666666667,2.5555555555555554,29.0,2,1.0,2.75,1.0,preparation,gesünder essen,1,1,1,0,1,0,0,0,2.0,5.0,2.0,5.0,2.0,2.0,6.0,1.0,0.0,1.0,3.0,2.0,0.0,1.0,2.0,3.0,1.0,0.0,0.0,0.0,0.0,0.0,2.0,0.0,0.0,0.0
21,5ca5d69682ff890012be8b11,2023-08-16 14:36:01.700184,2023-08-16 14:49:41.982373,framework,Bachelor-Abschluss,Dualer Student Master,8.0,8.0,7.0,8.0,2,2,2,3,3,2,2,3,2,4,4,4,2,3,3,4,4,4,3,3,4,3,4,2,3.0,3,2,2,2,4,2,2,4,4,4,4,3,3,3,Stimme überhaupt nicht zu,64dcc24d2cd2a7dc72c86d39,14.133333333333333,653,30,Male,2.75,3.3333333333333335,29.0,4,3.0,4.0,1.0,preparation,weniger prokrastinieren,0.5,0.5,0,1,0,0,0,No,0.0,7.0,0.0,4.0,5.0,0.0,4.0,0.0,0.0,0.0,2.0,1.0,1.0,0.0,5.0,2.0,0.0,1.0,0.0,0.0,0.0,0.0,0.0,1.0,0.0,0.0
22,5cf6a27fad94a70001a80ea6,2023-08-09 13:00:03.155015,2023-08-09 13:25:00.399473,no_system,Bachelor-Abschluss,Programmierer,10.0,10.0,5.0,6.0,2,2,1,1,1,1,1,1,1,1,1,1,4,5,5,4,5,5,2,3,5,3,5,3,3.0,4,2,2,2,4,2,1,3,3,2,3,1,1,1,Stimme überhaupt nicht zu,64d370e6020be86b1c6e6cfa,28.7,1295,35,Male,1.1666666666666667,4.222222222222222,31.0,2,1.0,2.75,1.0,contemplation,weniger prokrastinieren,1,1,0,1,0,0,0,0,2.0,7.0,0.0,5.0,3.0,1.0,5.0,1.0,0.0,1.0,2.0,0.0,2.0,1.0,3.0,1.0,1.0,0.0,1.0,0.0,0.0,0.0,0.0,2.0,0.0,0.0
23,5d0a33b56dd417001ae19535,2023-08-08 13:34:32.281635,2023-08-08 13:56:44.539561,framework,abgeschlossene Berufsausbildung,Fachinformatiker für Systemintegration,9.0,7.0,7.0,7.0,2,2,1,1,1,1,1,1,1,4,4,3,1,4,4,4,5,5,3,3,5,4,3,3,4.0,4,3,1,1,4,4,1,4,4,3,3,1,1,1,Stimme überhaupt nicht zu,64d2267ac022ff5cac588642,23.566666666666666,995,26,Male,1.8333333333333333,3.7777777777777777,32.0,4,1.0,3.5,0.0,preparation,gesünder essen,1,1,1,0,0,0,0,No,0.0,5.0,2.0,4.0,2.0,3.0,5.0,1.0,1.0,0.0,4.0,1.0,0.0,0.0,2.0,2.0,1.0,1.0,2.0,1.0,0.0,0.0,0.0,0.0,0.0,0.0
24,5d0f89123382180001624f48,2023-08-07 17:31:56.457819,2023-08-07 17:54:18.212172,no_system,Master-Abschluss,Angestellte,7.0,6.0,4.0,5.0,1,1,1,1,1,1,1,3,1,1,3,3,1,1,1,1,1,1,2,1,4,2,4,3,1.0,3,4,2,2,4,3,1,2,3,2,4,1,1,1,Stimme überhaupt nicht zu,64d10c80d5dc77b59135bab5,29.5,1840,30,Female,1.5,1.4444444444444444,29.0,4,1.0,2.75,1.0,contemplation,weniger prokrastinieren,0,0,0,1,0,0,0,0,6.0,6.0,1.0,3.0,6.0,0.0,3.0,0.0,0.0,1.0,1.0,0.0,1.0,1.0,6.0,1.0,0.0,0.0,0.0,0.0,0.0,0.0,0.0,1.0,0.0,0.0
25,5d43c606773d8b00016eaa8a,2023-08-07 16:16:53.701255,2023-08-07 16:44:25.377159,framework,Master-Abschluss,Sozialarbeiterin in Teilzeit,9.0,8.0,7.0,8.0,4,4,3,4,3,4,4,4,3,4,4,4,3,5,5,5,5,5,5,5,5,4,3,4,3.0,4,4,3,3,4,4,1,4,4,4,5,4,4,3,Stimme überhaupt nicht zu,64d0fcab9f04a54a8b373a07,28.25,1453,51,Female,3.75,4.777777777777778,37.0,4,3.6666666666666665,4.25,1.0,preparation,weniger prokrastinieren,1,1,0,0,1,0,0,No,0.0,6.0,1.0,3.0,4.0,2.0,4.0,1.0,0.0,2.0,2.0,0.0,0.0,2.0,4.0,0.0,1.0,0.0,2.0,0.0,0.0,0.0,0.0,0.0,0.0,0.0
26,5d6c50a41609c7000185eacd,2023-08-11 09:19:45.303293,2023-08-11 09:45:03.357169,framework,Bachelor-Abschluss,IT Engineer,10.0,8.0,8.0,8.0,1,1,2,2,2,3,3,3,2,1,1,1,4,4,4,2,2,2,1,2,4,3,3,1,1.0,5,1,1,1,5,1,1,3,2,4,4,4,4,4,Stimme überhaupt nicht zu,64d5d7dc38ef16aee1e7194f,59.983333333333334,426,34,Male,1.8333333333333333,2.7777777777777777,23.0,2,4.0,3.25,0.0,preparation,nachhaltiger leben,0,1,0,0,0,0,0,No,0.0,4.0,3.0,4.0,5.0,0.0,1.0,1.0,2.0,0.0,1.0,0.0,0.0,0.0,5.0,1.0,1.0,0.0,0.0,0.0,2.0,0.0,0.0,0.0,0.0,0.0
27,5dbc177f0e1ec31c8af5492e,2023-08-08 14:29:15.525365,2023-08-08 14:49:22.273122,framework,Abitur,Student:in,10.0,6.0,6.0,8.0,1,1,1,1,1,1,1,1,1,1,1,3,2,4,5,2,5,5,1,1,5,3,3,1,1.0,5,2,1,2,5,1,1,4,5,2,2,1,1,1,Stimme überhaupt nicht zu,64d234ceea80170192eec81b,21.55,235,25,Female,1.1666666666666667,3.3333333333333335,25.0,2,1.0,3.25,2.0,contemplation,weniger prokrastinieren,1,1,1,1,1,0,0,No,0.0,4.0,3.0,4.0,4.0,1.0,3.0,1.0,1.0,0.0,1.0,2.0,0.0,0.0,4.0,1.0,1.0,1.0,0.0,0.0,1.0,0.0,1.0,0.0,0.0,0.0
28,5dc12924d362410a4ad6d8dd,2023-08-10 09:24:06.663541,2023-08-10 11:07:37.530017,no_system,Abitur,Rentner,10.0,0.0,0.0,0.0,1,1,2,1,2,3,1,2,1,5,4,1,2,2,2,3,4,4,3,2,5,4,4,2,3.0,2,5,3,2,4,2,2,4,3,2,3,5,1,1,Stimme überhaupt nicht zu,64d4905a74ab6f068d01d579,104.68333333333334,424,34,Male,2.0,3.0,33.0,5,2.3333333333333335,3.0,0.0,precontemplation,weniger prokrastinieren,1,1,1,1,1,0,0,0,4.0,5.0,2.0,5.0,4.0,0.0,1.0,1.0,3.0,0.0,1.0,0.0,0.0,0.0,4.0,1.0,1.0,0.0,0.0,0.0,3.0,0.0,0.0,0.0,0.0,0.0
29,5dea808cce8d8d19f5424b21,2023-08-16 13:16:06.085503,2023-08-16 13:29:57.112322,no_system,Bachelor-Abschluss,Angestellter,8.0,7.0,5.0,7.0,4,3,3,2,4,2,2,2,4,3,3,3,2,3,5,5,3,3,2,3,2,4,2,3,4.0,3,3,4,3,4,3,2,4,4,4,4,4,4,4,Stimme überhaupt nicht zu,64dcafe0c540a0eb551250ca,14.383333333333333,1398,34,Male,2.9166666666666665,3.111111111111111,35.0,6,4.0,4.0,2.0,contemplation,weniger prokrastinieren,0.5,1,1,1,1,0,0,0,1.0,7.0,0.0,4.0,4.0,1.0,1.0,3.0,1.0,0.0,0.0,1.0,0.0,0.0,4.0,0.0,3.0,0.0,0.0,0.0,1.0,0.0,1.0,0.0,0.0,0.0
30,5df297f57f08ed1a6b6c5a0c,2023-08-09 12:31:37.422491,2023-08-09 12:44:02.340191,framework,Abitur,Student,6.0,4.0,5.0,6.0,4,4,1,4,1,4,1,4,1,4,4,4,1,4,4,5,5,5,4,4,4,4,5,4,2.0,3,4,4,4,4,4,1,4,4,4,4,2,2,2,Stimme überhaupt nicht zu,64d36ad5a921359fffec0e7a,13.266666666666667,843,23,Female,3.0,4.0,39.0,3,2.0,4.0,1.0,contemplation,weniger prokrastinieren,1,1,1,1,1,0,0,0,1.0,5.0,2.0,3.0,6.0,0.0,0.0,2.0,1.0,,,,,0.0,6.0,0.0,2.0,0.0,0.0,0.0,1.0,0.0,0.0,0.0,0.0,0.0
31,5e474779c397b42123861f65,2023-08-09 09:14:06.403444,2023-08-09 09:36:39.265032,framework,Master-Abschluss,Arbeiten im Finanzbereich,9.0,4.0,7.0,6.0,1,1,2,2,2,1,2,2,3,1,4,2,1,2,3,3,4,3,2,2,3,4,3,3,2.0,4,4,2,2,4,2,1,4,2,2,2,2,2,1,Stimme überhaupt nicht zu,64d33ca41f883c5ae2ee7f2e,23.133333333333333,754,31,Male,1.9166666666666667,2.5555555555555554,31.0,4,1.6666666666666667,2.5,-1.0,preparation,weniger prokrastinieren,0,0.5,0,0,0,0,0,0,0.0,3.0,4.0,2.0,5.0,2.0,3.0,0.0,1.0,0.0,3.0,0.0,0.0,0.0,5.0,2.0,0.0,0.0,1.0,1.0,0.0,0.0,0.0,0.0,0.0,0.0
32,5e5832478c2b6f03f9acd234,2023-08-07 17:30:34.588981,2023-08-07 17:52:56.200197,framework,Abitur,Werkstattleiter,10.0,3.0,4.0,4.0,2,1,1,2,1,3,1,2,1,3,3,3,1,1,1,2,4,1,3,2,1,4,2,4,2.0,5,1,1,2,4,3,1,3,3,1,3,1,1,1,Stimme überhaupt nicht zu,64d10cd08c24e1ae7749e824,28.1,751,52,Male,1.9166666666666667,1.7777777777777777,29.0,4,1.0,2.5,0.0,contemplation,weniger prokrastinieren,0,0,0,1,0,0,0,0,0.0,5.0,2.0,3.0,6.0,0.0,1.0,1.0,1.0,0.0,1.0,0.0,0.0,0.0,6.0,1.0,1.0,0.0,0.0,0.0,1.0,0.0,0.0,0.0,0.0,0.0
33,5e62549164d007011d03158c,2023-08-09 10:43:03.624322,2023-08-09 11:04:50.265816,no_system,Abitur,"Angestellt, Psychosoziale Betreuung",9.0,2.0,6.0,5.0,1,1,1,1,2,2,1,4,1,1,3,2,2,2,4,1,2,2,1,1,2,2,4,1,1.0,5,1,2,1,5,1,1,2,3,2,2,3,3,3,Stimme überhaupt nicht zu,64d3514db24a42f81f3adcbc,23.066666666666666,1058,29,Female,1.6666666666666667,1.8888888888888888,24.0,1,3.0,2.25,-1.0,contemplation,nachhaltiger leben,1,1,1,0,0,1,0,0,2.0,6.0,1.0,4.0,4.0,0.0,1.0,1.0,2.0,1.0,0.0,0.0,0.0,1.0,4.0,0.0,1.0,0.0,0.0,0.0,2.0,0.0,0.0,0.0,0.0,0.0
34,5e6a3e3d265930022e81c70b,2023-08-07 15:50:11.350869,2023-08-07 16:10:45.088893,no_system,Abitur,arbeitssuchend,10.0,7.0,5.0,6.0,3,2,2,3,2,3,2,5,2,3,5,4,3,4,4,5,5,5,4,4,4,4,1,2,1.0,5,2,2,1,2,2,1,5,5,4,5,3,3,3,Stimme überhaupt nicht zu,64d0f5b705ae5f9e613aaf8d,21.516666666666666,1568,29,Male,3.0,4.222222222222222,23.0,7,3.0,4.75,1.0,contemplation,gesünder essen,1,1,1,1,1,0,0,0,2.0,7.0,0.0,8.0,1.0,0.0,4.0,3.0,1.0,1.0,1.0,1.0,1.0,1.0,1.0,1.0,3.0,1.0,0.0,0.0,1.0,0.0,0.0,1.0,0.0,0.0
35,5ea68dcc37c517000832b4b1,2023-08-14 16:33:08.269829,2023-08-14 16:45:40.037591,framework,Bachelor-Abschluss,Studentin,6.0,7.0,6.0,5.0,2,1,5,3,5,2,3,3,5,2,3,2,2,2,3,2,4,2,2,2,2,4,2,1,1.0,5,2,3,1,5,2,1,1,4,3,3,2,3,3,Stimme überhaupt nicht zu,64da3b026b4640f05b0d3eb7,13.366666666666667,194,25,Female,3.0,2.3333333333333335,27.0,3,2.6666666666666665,2.75,-1.0,contemplation,weniger prokrastinieren,1,1,1,1,1,0,0,No,0.0,6.0,1.0,5.0,4.0,0.0,3.0,2.0,0.0,1.0,2.0,0.0,0.0,1.0,4.0,2.0,2.0,0.0,0.0,0.0,0.0,0.0,0.0,0.0,0.0,0.0
36,5ebe6e4a226f3b1c53cd0626,2023-08-07 17:29:56.819074,2023-08-07 17:45:06.337598,no_system,Bachelor-Abschluss,It systems engineer,6.0,9.0,9.0,9.0,4,2,3,3,3,2,3,4,2,4,4,4,1,3,3,2,5,2,3,3,4,4,5,3,2.0,3,2,4,3,1,2,1,5,4,5,4,1,3,1,Stimme überhaupt nicht zu,64d10dd5fbda3c7f9e45294e,15.616666666666667,1634,43,Male,3.1666666666666665,2.888888888888889,30.0,6,1.6666666666666667,4.5,0.0,action,gesünder essen,0.5,0,1,1,1,0,0,0,3.0,6.0,1.0,3.0,5.0,1.0,2.0,1.0,1.0,0.0,2.0,0.0,0.0,0.0,5.0,1.0,1.0,0.0,1.0,0.0,1.0,0.0,0.0,0.0,0.0,0.0
37,5ed0f0bb34177d0009582f38,2023-08-08 12:36:14.886654,2023-08-08 13:05:30.978521,no_system,Bachelor-Abschluss,Crowdworking,10.0,6.0,6.0,6.0,2,2,1,2,3,3,1,3,2,2,2,2,1,2,3,2,5,2,3,3,4,3,5,3,1.0,5,2,2,1,4,2,1,4,3,4,4,3,3,3,Stimme überhaupt nicht zu,64d218ba19d4a1754ca58673,31.05,781,,Female,2.0833333333333335,2.7777777777777777,29.0,1,3.0,3.75,0.0,contemplation,weniger prokrastinieren,1,0,0,1,0,0,0,0,2.0,3.0,4.0,3.0,6.0,0.0,2.0,1.0,0.0,0.0,1.0,1.0,0.0,0.0,6.0,1.0,1.0,1.0,0.0,0.0,0.0,0.0,0.0,0.0,0.0,0.0
38,5ed8d4613fa4f50463cf7d50,2023-08-16 12:49:18.668462,2023-08-16 13:06:28.138054,framework,Abitur,Softwareentwickler,10.0,7.0,8.0,7.0,1,1,1,3,1,3,1,2,1,1,1,2,2,4,4,4,5,5,4,4,5,1,4,1,1.0,4,2,4,1,5,1,1,4,4,4,5,4,4,3,Stimme überhaupt nicht zu,64dca976d6e2bf89b74411eb,18.216666666666665,202,43,Male,1.5,4.111111111111111,25.0,2,3.6666666666666665,4.25,-1.0,preparation,weniger prokrastinieren,0.5,1,0,0,0,0,0,0,0.0,5.0,2.0,1.0,4.0,4.0,3.0,1.0,1.0,0.0,0.0,3.0,0.0,0.0,4.0,0.0,1.0,0.0,0.0,1.0,0.0,0.0,3.0,0.0,0.0,0.0
39,5ee7fbc114d0a60f9b076fb6,2023-08-16 17:41:25.802929,2023-08-16 18:00:51.144263,framework,Master-Abschluss,Ingenieur im Automotive,8.0,5.0,5.0,5.0,2,2,3,3,2,3,2,3,2,3,3,3,2,3,3,5,5,5,3,3,5,3,3,4,3.0,2,2,2,3,3,3,1,2,4,3,3,3,4,3,Stimme überhaupt nicht zu,64dced60e619bca989925450,20.066666666666666,1609,45,Male,2.5833333333333335,3.7777777777777777,29.0,7,3.3333333333333335,3.0,0.0,contemplation,weniger prokrastinieren,0,0,0,1,0,0,0,0,1.0,5.0,2.0,0.0,6.0,3.0,3.0,0.0,0.0,0.0,1.0,2.0,0.0,0.0,6.0,0.0,0.0,0.0,1.0,0.0,0.0,0.0,2.0,0.0,0.0,0.0
40,5efcc8d1669e920c46e9daf9,2023-08-08 17:06:56.764191,2023-08-08 17:30:07.136233,no_system,Abitur,Student,10.0,3.0,7.0,9.0,3,2,3,4,4,4,3,3,3,4,4,4,2,2,3,5,4,4,3,4,4,4,5,3,2.0,4,2,3,1,4,4,1,4,4,4,4,3,3,3,Stimme überhaupt nicht zu,64d259a50c167d47d59ad005,25.016666666666666,225,25,Male,3.4166666666666665,3.4444444444444446,33.0,2,3.0,4.0,2.0,preparation,weniger prokrastinieren,1,1,1,1,1,0,0,No,3.0,6.0,1.0,5.0,4.0,0.0,3.0,2.0,0.0,0.0,3.0,0.0,0.0,0.0,4.0,3.0,2.0,0.0,0.0,0.0,0.0,0.0,0.0,0.0,0.0,0.0
41,5f1715072b20d0020b0e383c,2023-08-08 14:57:20.228282,2023-08-08 15:10:52.717979,framework,abgeschlossene Berufsausbildung,Angestellt als Anlagenfahrer,7.0,8.0,5.0,6.0,4,4,4,4,4,4,5,4,4,4,4,4,2,4,4,5,4,5,4,5,5,4,1,3,4.0,1,4,4,3,2,4,2,5,4,5,5,4,4,5,Stimme überhaupt nicht zu,64d23b9bdbe02e50104ff54f,14.083333333333334,498,22,Male,4.083333333333333,4.222222222222222,32.0,11,4.333333333333333,4.75,1.0,contemplation,gesünder essen,1,1,1,0,0,1,0,0,0.0,6.0,1.0,4.0,4.0,1.0,4.0,1.0,0.0,1.0,3.0,0.0,0.0,1.0,4.0,2.0,1.0,0.0,1.0,0.0,0.0,0.0,0.0,0.0,0.0,0.0
42,5f17d20539078c0800cb4e7b,2023-08-09 10:45:07.777779,2023-08-09 11:10:09.901666,framework,abgeschlossene Berufsausbildung,Sachbearbeiter,9.0,5.0,6.0,6.0,2,2,2,2,5,2,3,4,3,2,2,3,2,4,3,5,5,5,4,4,4,3,5,3,2.0,4,3,2,2,5,3,1,5,5,4,4,3,3,3,Stimme überhaupt nicht zu,64d351ee509d565ec9ae9cd1,25.7,975,52,Male,2.6666666666666665,4.0,33.0,1,3.0,4.5,0.0,contemplation,gesünder essen,1,1,1,1,1,0,0,0,0.0,7.0,0.0,5.0,1.0,3.0,5.0,0.0,3.0,2.0,2.0,1.0,0.0,1.0,1.0,1.0,0.0,1.0,1.0,1.0,2.0,1.0,0.0,0.0,0.0,0.0
43,5f3b9499509b4c01bca3053b,2023-08-09 10:35:10.023453,2023-08-09 10:52:22.284832,no_system,Doktor-Grad,Angestellt,8.0,10.0,2.0,5.0,3,2,1,2,1,3,1,3,1,4,4,4,1,3,4,5,5,5,4,4,4,4,5,2,2.0,5,2,2,1,3,1,1,4,4,3,3,1,2,1,Stimme überhaupt nicht zu,64d34fa41b3e36b4713b9491,17.666666666666668,442,35,Male,2.4166666666666665,3.888888888888889,28.0,2,1.3333333333333333,3.5,3.0,precontemplation,nachhaltiger leben,1,1,1,1,1,1,0,0,2.0,6.0,0.0,2.0,6.0,1.0,1.0,0.0,2.0,0.0,1.0,0.0,0.0,0.0,6.0,0.0,0.0,0.0,1.0,0.0,2.0,0.0,0.0,0.0,0.0,0.0
44,5f5494aa76d6147f7ca89533,2023-08-07 16:17:18.787463,2023-08-07 16:35:52.929652,no_system,Master-Abschluss,wissenschaftlicher Mitarbeiter,9.0,6.0,5.0,7.0,3,2,3,3,3,3,3,4,2,5,4,4,4,4,4,4,4,4,4,4,4,5,4,4,2.0,5,2,3,4,2,3,1,5,5,4,5,3,4,4,Stimme überhaupt nicht zu,64d0fca1d25cc067efc53214,19.616666666666667,1524,33,Male,3.25,4.0,35.0,4,3.6666666666666665,4.75,2.0,contemplation,weniger prokrastinieren,1,1,0,1,1,0,0,0,6.0,7.0,0.0,3.0,4.0,2.0,4.0,1.0,0.0,0.0,3.0,1.0,0.0,0.0,4.0,2.0,1.0,0.0,1.0,0.0,0.0,0.0,1.0,0.0,0.0,0.0
45,5f56506b2a8fb805ac024015,2023-08-07 17:08:25.332237,2023-08-07 17:26:06.769612,framework,Master-Abschluss,Angestellte (Wissenschaftliche Mitarbeiterin),8.0,8.0,6.0,8.0,3,2,3,4,3,3,3,4,3,4,4,4,2,3,2,5,5,5,4,4,4,5,4,4,4.0,5,4,5,4,5,4,1,4,4,5,5,3,3,4,Stimme überhaupt nicht zu,64d10685dc0757ca9bfead40,20.233333333333334,1347,27,Female,3.3333333333333335,3.7777777777777777,45.0,1,3.3333333333333335,4.5,2.0,contemplation,weniger prokrastinieren,1,1,1,1,1,0,0,0,0.0,7.0,0.0,8.0,1.0,0.0,7.0,1.0,0.0,2.0,4.0,1.0,0.0,2.0,1.0,4.0,1.0,1.0,0.0,0.0,0.0,0.0,0.0,0.0,0.0,0.0
46,5f6c6e18b20ea10008a25d1f,2023-08-09 16:02:29.912251,2023-08-09 16:25:01.150996,framework,Bachelor-Abschluss,Student,8.0,8.0,6.0,8.0,3,3,2,3,3,3,1,3,1,4,3,3,2,1,2,3,4,2,4,4,4,3,3,3,3.0,5,2,2,2,5,3,1,4,4,3,4,1,2,2,Stimme überhaupt nicht zu,64d39c431d37ceb831e1ea72,23.6,298,23,Female,2.6666666666666665,2.888888888888889,32.0,2,1.6666666666666667,3.75,2.0,contemplation,weniger prokrastinieren,1,1,1,1,1,0,0,0,0.0,5.0,2.0,4.0,5.0,0.0,3.0,1.0,0.0,2.0,0.0,1.0,0.0,2.0,5.0,0.0,1.0,1.0,0.0,0.0,0.0,0.0,0.0,0.0,0.0,0.0
47,5f8051b402daee04b8108440,2023-08-07 15:45:56.525419,2023-08-07 16:14:37.435068,no_system,Master-Abschluss,Redakteurin,9.0,5.0,7.0,8.0,4,4,1,5,5,4,5,5,4,5,5,5,2,4,5,5,5,5,5,5,5,5,3,4,2.0,4,5,5,3,5,5,1,5,5,5,5,5,5,5,Stimme überhaupt nicht zu,64d0f52585cb3bcd7d6c1fda,30.3,1200,60,Female,4.333333333333333,4.555555555555555,42.0,3,5.0,5.0,1.0,preparation,weniger prokrastinieren,1,1,1,1,1,0,0,0,2.0,7.0,0.0,6.0,3.0,0.0,4.0,1.0,1.0,2.0,1.0,1.0,0.0,2.0,3.0,1.0,1.0,1.0,0.0,0.0,1.0,0.0,0.0,0.0,0.0,0.0
48,5fb42f807e81960acbfdb22e,2023-08-07 15:55:57.941567,2023-08-07 16:23:01.243549,no_system,Bachelor-Abschluss,Softwareentwickler,8.0,1.0,0.0,3.0,3,3,2,2,4,4,2,3,3,3,4,4,2,4,4,5,5,5,4,4,5,4,4,1,1.0,5,4,4,1,3,4,2,5,4,4,4,2,4,2,Stimme überhaupt nicht zu,64d0f7a9ad5d064dec6a21bc,28.033333333333335,497,40,Male,3.0833333333333335,4.222222222222222,33.0,3,2.6666666666666665,4.25,3.0,precontemplation,gesünder essen,1,1,0,1,1,0,0,0,2.0,4.0,3.0,8.0,1.0,0.0,5.0,3.0,0.0,1.0,1.0,3.0,0.0,1.0,1.0,1.0,3.0,3.0,0.0,0.0,0.0,0.0,0.0,0.0,0.0,0.0
49,5fb96651fe5aef802daa6e61,2023-08-16 17:33:59.388984,2023-08-16 17:47:30.056149,no_system,Abitur,Student,8.0,9.0,9.0,9.0,1,1,1,3,1,1,1,3,1,1,1,1,1,1,2,3,4,5,1,1,4,3,5,1,1.0,5,2,2,1,5,1,1,4,4,2,4,2,2,2,Stimme überhaupt nicht zu,64dcec5339385f03e5decbd8,13.9,230,23,Male,1.3333333333333333,2.4444444444444446,27.0,0,2.0,3.5,0.0,action,weniger prokrastinieren,1,1,1,0,0,0,0,0,2.0,2.0,5.0,3.0,4.0,2.0,4.0,1.0,0.0,1.0,2.0,1.0,0.0,1.0,4.0,0.0,1.0,1.0,2.0,0.0,0.0,0.0,0.0,0.0,0.0,0.0
50,5fc2baec78f48840a7b90aa5,2023-08-11 08:45:30.272668,2023-08-11 09:06:03.481426,framework,Bachelor-Abschluss,Öffentlicher Dienst,9.0,7.0,8.0,8.0,1,1,1,1,1,1,1,1,1,1,1,2,1,2,2,5,5,4,3,2,2,3,3,2,2.0,4,2,1,3,5,2,1,5,4,3,3,1,2,2,Stimme überhaupt nicht zu,64d5d8df29541d8f46e71941,21.35,105,34,Male,1.0833333333333333,2.888888888888889,28.0,3,1.6666666666666667,3.75,0.0,preparation,weniger prokrastinieren,1,0,0,0,1,0,0,0,0.0,6.0,1.0,5.0,3.0,1.0,6.0,0.0,0.0,2.0,1.0,3.0,0.0,1.0,3.0,1.0,0.0,3.0,0.0,0.0,0.0,1.0,0.0,0.0,0.0,0.0
51,5fcf9f17f5a7c20ba38e9cc9,2023-08-09 16:59:14.485024,2023-08-09 17:15:57.015259,no_system,Master-Abschluss,wissenschaftl. MItarbeiter,10.0,6.0,6.0,0.0,1,1,2,2,2,1,1,1,1,1,1,1,1,1,1,2,2,1,1,1,4,1,5,1,1.0,4,1,1,1,5,1,1,3,2,1,1,1,1,1,Stimme überhaupt nicht zu,64d3a9ae53871b8a89b02a72,17.066666666666666,225,29,Female,1.25,1.5555555555555556,22.0,1,1.0,1.75,-6.0,contemplation,weniger prokrastinieren,1,1,1,0,0,0,0,0,4.0,6.0,1.0,3.0,4.0,2.0,3.0,1.0,1.0,1.0,0.0,2.0,0.0,1.0,4.0,0.0,1.0,0.0,0.0,0.0,1.0,0.0,2.0,0.0,0.0,0.0
52,5fd206b9aa0fbf249adf4280,2023-08-09 09:19:06.03857,2023-08-09 09:35:40.981279,framework,abgeschlossene Berufsausbildung,IT,5.0,8.0,7.0,8.0,2,2,1,1,1,1,1,1,1,3,2,3,1,4,4,5,5,4,3,4,3,4,4,3,2.0,4,4,2,3,5,4,1,4,4,4,4,2,2,1,Stimme überhaupt nicht zu,64d33dbe6f422d203f9acfde,17.7,712,46,Male,1.5833333333333333,3.6666666666666665,36.0,2,1.6666666666666667,4.0,1.0,preparation,gesünder essen,0,0.5,0,0,0,0,0,No,1.0,5.0,2.0,4.0,3.0,2.0,5.0,1.0,0.0,2.0,2.0,1.0,0.0,2.0,3.0,1.0,1.0,0.0,1.0,0.0,0.0,0.0,1.0,0.0,0.0,0.0
53,5fef28c2feba31d456459420,2023-08-16 14:18:21.12462,2023-08-16 14:39:03.35683,framework,Bachelor-Abschluss,Student,10.0,10.0,7.0,10.0,4,4,3,4,5,4,4,5,3,5,5,5,4,4,4,5,5,5,5,5,5,5,5,2,3.0,5,5,4,3,5,5,1,5,5,5,5,4,4,3,Stimme überhaupt nicht zu,64dcbe573059a70a9ee178a5,21.616666666666667,854,22,Female,4.25,4.666666666666667,43.0,0,3.6666666666666665,5.0,3.0,preparation,weniger prokrastinieren,1,1,1,1,1,0,0,0,2.0,7.0,0.0,8.0,1.0,0.0,5.0,3.0,0.0,1.0,2.0,2.0,0.0,1.0,1.0,2.0,3.0,2.0,0.0,0.0,0.0,0.0,0.0,0.0,0.0,0.0
54,5fff0b0bcbc37a5f5928ed26,2023-08-09 12:03:07.225742,2023-08-09 12:20:58.655612,framework,Bachelor-Abschluss,Ingenieur im Bereich Elektrotechnik,6.0,6.0,5.0,6.0,1,1,2,1,2,2,2,3,2,2,1,1,2,3,3,2,4,3,1,1,4,2,4,1,1.0,4,1,2,2,5,1,1,3,3,1,2,1,1,1,Stimme überhaupt nicht zu,64d36441d2b0449574ac9ed9,18.5,1328,40,Male,1.6666666666666667,2.5555555555555554,24.0,2,1.0,2.25,1.0,contemplation,weniger prokrastinieren,1,0,0,0,0,0,0,0,0.0,2.0,5.0,3.0,5.0,1.0,4.0,0.0,0.0,0.0,4.0,0.0,0.0,0.0,5.0,3.0,0.0,0.0,1.0,0.0,0.0,0.0,0.0,0.0,0.0,0.0
55,60060089125e50636ad6719e,2023-08-09 09:56:24.251787,2023-08-09 10:10:54.423572,framework,Abitur,Student,9.0,8.0,6.0,8.0,1,1,3,1,3,3,2,3,2,1,2,1,1,2,2,3,4,2,2,2,3,3,4,2,1.0,5,2,2,2,5,1,1,3,4,3,3,2,3,3,Stimme überhaupt nicht zu,64d3468509eecf544c8584e8,14.95,1177,26,Female,1.9166666666666667,2.3333333333333335,28.0,1,2.6666666666666665,3.25,2.0,contemplation,gesünder essen,0,0,0,0,0,0,0,0,0.0,6.0,1.0,2.0,5.0,2.0,3.0,0.0,1.0,0.0,2.0,1.0,0.0,0.0,5.0,2.0,0.0,0.0,0.0,1.0,0.0,0.0,1.0,0.0,0.0,0.0
56,60207652caa62b6a34ff96dc,2023-08-16 16:45:28.466168,2023-08-16 17:05:45.401058,framework,Abitur,Student,8.0,5.0,8.0,8.0,2,2,2,2,2,2,2,3,2,3,3,3,1,3,4,5,5,4,3,3,4,3,3,3,1.0,5,3,3,3,4,3,2,4,4,3,3,3,2,2,Stimme überhaupt nicht zu,64dcdf81195e75dbe6baa84f,26.866666666666667,1464,24,Male,2.3333333333333335,3.5555555555555554,33.0,3,2.3333333333333335,3.5,0.0,preparation,weniger prokrastinieren,1,1,1,1,1,0,0,0,0.0,7.0,0.0,5.0,3.0,1.0,5.0,1.0,0.0,1.0,2.0,2.0,0.0,1.0,3.0,2.0,1.0,1.0,0.0,0.0,0.0,0.0,1.0,0.0,0.0,0.0
57,6027eac2f4090f09439ee8e4,2023-08-08 12:36:48.28026,2023-08-08 13:02:30.553611,framework,Abitur,Studentin mit Werkstudentenjob,8.0,4.0,0.0,1.0,2,2,3,2,4,4,2,4,3,4,5,4,1,2,2,5,4,2,2,2,1,2,5,1,2.0,3,4,4,3,5,2,1,5,4,4,3,3,4,4,Stimme überhaupt nicht zu,64d21a7c747a2537c8e97211,26.2,1140,23,Female,3.25,2.3333333333333335,32.0,2,3.6666666666666665,4.0,1.0,precontemplation,weniger prokrastinieren,1,1,1,1,1,0,0,No,0.0,7.0,0.0,4.0,4.0,1.0,3.0,1.0,1.0,0.0,2.0,0.0,1.0,0.0,4.0,2.0,1.0,0.0,0.0,0.0,1.0,0.0,0.0,0.0,1.0,0.0
58,602e957dba730da44e476441,2023-08-07 17:37:37.303184,2023-08-07 17:49:44.40762,framework,Abitur,Studentin,5.0,8.0,9.0,8.0,2,2,2,1,1,1,1,1,1,1,4,4,1,1,1,1,1,1,2,2,4,3,5,3,1.0,4,2,3,1,5,3,1,5,4,3,2,2,4,3,Stimme überhaupt nicht zu,64d10f9fb073d0971f707990,12.666666666666666,254,26,Female,1.75,1.5555555555555556,31.0,1,3.0,3.5,-1.0,action,gesünder essen,0.5,0.5,0,1,0,0,0,0,0.0,5.0,2.0,6.0,2.0,1.0,5.0,2.0,0.0,1.0,2.0,2.0,0.0,1.0,2.0,2.0,2.0,1.0,0.0,0.0,0.0,0.0,1.0,0.0,0.0,0.0
59,603ccbf3849f5c2f8a965848,2023-08-07 17:06:16.531499,2023-08-07 17:21:52.821685,no_system,Bachelor-Abschluss,Studentin,9.0,2.0,6.0,6.0,3,3,2,2,2,2,2,2,2,2,3,3,2,3,3,5,5,5,3,3,4,4,4,3,,4,2,2,3,2,3,2,4,4,4,4,4,4,4,Stimme überhaupt nicht zu,64d1082acefb63ba7fbdc1f6,16.75,620,31,Female,2.3333333333333335,3.6666666666666665,29.0,5,4.0,4.0,0.0,contemplation,gesünder essen,0.5,0,0,1,1,0,0,0,8.0,5.0,2.0,3.0,6.0,0.0,3.0,0.0,0.0,2.0,1.0,0.0,0.0,2.0,6.0,1.0,0.0,0.0,0.0,0.0,0.0,0.0,0.0,0.0,0.0,0.0
60,603f47e39649cf0339527014,2023-08-09 09:51:41.539185,2023-08-09 10:08:50.740492,no_system,Bachelor-Abschluss,Erziehungszeit,9.0,9.0,8.0,8.0,4,3,3,4,3,4,4,5,3,4,4,4,4,5,5,5,5,5,5,5,5,4,3,4,5.0,3,4,5,3,3,4,3,5,5,5,5,5,5,5,Stimme überhaupt nicht zu,64d3456a7816c3ee675c2fb4,17.8,401,46,Female,3.75,4.888888888888889,41.0,6,5.0,5.0,0.0,preparation,weniger prokrastinieren,1,0,0,1,1,0,0,0,5.0,7.0,0.0,4.0,5.0,0.0,2.0,2.0,0.0,2.0,0.0,0.0,0.0,2.0,5.0,0.0,2.0,0.0,0.0,0.0,0.0,0.0,0.0,0.0,0.0,0.0
61,604b169fe4b7991ec08da3a6,2023-08-16 16:01:56.284831,2023-08-16 16:18:40.318451,no_system,Master-Abschluss,enwickler,10.0,8.0,5.0,8.0,2,2,4,3,2,3,3,2,4,2,1,3,1,2,3,5,5,5,3,3,5,2,4,2,1.0,3,2,3,2,4,3,1,5,3,3,3,4,2,4,Stimme überhaupt nicht zu,64dccf52ecbd27288dd3ce09,48.9,1991,32,Male,2.5833333333333335,3.5555555555555554,27.0,4,3.3333333333333335,3.5,3.0,contemplation,weniger prokrastinieren,1,1,0,0,0,0,0,0,0.0,4.0,2.0,4.0,5.0,0.0,4.0,0.0,0.0,4.0,0.0,0.0,0.0,4.0,5.0,0.0,0.0,0.0,0.0,0.0,0.0,0.0,0.0,0.0,0.0,0.0
62,60513ec07ee46769ed029be4,2023-08-10 11:09:16.479355,2023-08-10 11:33:11.963249,framework,Master-Abschluss,selbständig,9.0,9.0,10.0,10.0,4,4,1,3,1,3,1,3,1,4,3,3,1,3,3,5,5,4,4,4,4,4,4,4,4.0,5,3,4,3,5,3,1,4,4,4,4,3,3,3,Stimme überhaupt nicht zu,64d4a89db9ccc26c9a0bd240,26.716666666666665,1483,34,Male,2.5833333333333335,3.6666666666666665,40.0,1,3.0,4.0,0.0,maintenance,weniger prokrastinieren,1,1,1,1,1,0,0,0,0.0,7.0,0.0,6.0,2.0,1.0,5.0,2.0,0.0,0.0,2.0,3.0,0.0,0.0,2.0,1.0,2.0,3.0,1.0,0.0,0.0,0.0,0.0,0.0,0.0,0.0
63,6060dc354e4fcd8373c1380b,2023-08-14 16:19:42.48471,2023-08-16 11:48:22.540476,no_system,Abitur,Ergotherapeut,3.0,3.0,4.0,4.0,2,2,1,5,2,5,1,1,1,4,5,5,3,4,4,5,5,5,3,3,4,2,4,3,3.0,3,2,2,2,3,3,2,4,4,4,4,1,1,1,Stimme überhaupt nicht zu,64dc97f0509832556ec5477c,14.8,626,28,Male,2.8333333333333335,4.0,29.0,5,1.0,4.0,0.0,contemplation,weniger prokrastinieren,1,0,0,0,0,0,0,0,3.0,7.0,0.0,2.0,6.0,1.0,1.0,1.0,1.0,1.0,0.0,0.0,0.0,1.0,6.0,0.0,1.0,0.0,0.0,1.0,0.0,0.0,0.0,0.0,0.0,0.0
64,606b94352e103bc54d43321b,2023-08-14 16:19:21.992909,2023-08-16 15:18:54.435796,framework,Bachelor-Abschluss,Student,8.0,8.0,6.0,6.0,3,3,4,3,4,3,4,3,3,3,3,4,2,3,2,3,4,4,4,3,4,3,5,3,2.0,4,3,2,2,4,3,2,3,4,3,3,3,4,4,Stimme überhaupt nicht zu,64dcc1d6ef8aa02ac3c54749,46.416666666666664,294,27,Male,3.3333333333333335,3.2222222222222223,33.0,2,3.6666666666666665,3.25,0.0,contemplation,gesünder essen,1,1,1,0,1,0,0,0,1.0,6.0,1.0,5.0,3.0,1.0,3.0,1.0,2.0,2.0,1.0,0.0,0.0,2.0,3.0,1.0,1.0,0.0,0.0,1.0,1.0,0.0,0.0,0.0,0.0,0.0
65,607079a28a504f214dfd77b8,2023-08-09 13:10:36.501579,2023-08-09 13:43:48.499282,framework,Abitur,Produkt-Referent,5.0,6.0,2.0,7.0,3,2,2,2,2,4,2,3,3,3,4,4,2,4,4,3,2,2,4,4,4,4,2,3,4.0,3,2,4,2,4,4,3,5,4,5,4,4,4,3,Stimme überhaupt nicht zu,64d370ee306ba2f6883adcd5,47.36666666666667,964,58,Male,2.8333333333333335,3.2222222222222223,35.0,6,3.6666666666666665,4.5,5.0,precontemplation,weniger prokrastinieren,0,0,0,0,0,0,0,0,0.0,5.0,2.0,1.0,7.0,1.0,2.0,0.0,0.0,0.0,2.0,0.0,0.0,0.0,7.0,1.0,0.0,0.0,1.0,0.0,0.0,0.0,0.0,0.0,0.0,0.0
66,607c806a362210faecfdecf8,2023-08-08 10:30:24.949434,2023-08-08 10:45:42.68999,no_system,abgeschlossene Berufsausbildung,Rechtsanwalts- und Notarfacha,5.0,6.0,7.0,6.0,3,3,2,2,3,2,2,3,3,3,3,3,2,3,4,4,3,4,3,2,3,3,3,2,3.0,4,2,2,2,5,2,3,4,3,4,2,3,3,5,Stimme überhaupt nicht zu,64d1fd08bc1a88665de33705,15.733333333333333,444,22,Female,2.6666666666666665,3.111111111111111,31.0,3,3.6666666666666665,3.25,-1.0,preparation,nachhaltiger leben,1,0,0,1,1,0,0,No,7.0,6.0,1.0,3.0,5.0,1.0,3.0,1.0,0.0,1.0,1.0,1.0,0.0,0.0,5.0,1.0,1.0,1.0,0.0,0.0,0.0,1.0,0.0,0.0,0.0,0.0
67,607c8faf6d8e98b09d585eb3,2023-08-14 14:02:30.083979,2023-08-14 14:25:18.733462,framework,Bachelor-Abschluss,Student,10.0,9.0,9.0,9.0,1,1,2,2,3,2,3,2,2,2,2,4,4,4,4,2,5,4,2,2,4,3,3,3,1.0,4,1,2,1,5,2,2,5,4,2,3,4,4,3,Stimme überhaupt nicht zu,64da156e13a3718a9f45dc6f,24.05,864,29,Male,2.1666666666666665,3.4444444444444446,27.0,3,3.6666666666666665,3.5,0.0,action,weniger prokrastinieren,1,1,1,1,1,0,0,No,0.0,5.0,2.0,3.0,5.0,1.0,4.0,0.0,0.0,1.0,2.0,1.0,0.0,1.0,5.0,2.0,0.0,0.0,0.0,0.0,0.0,0.0,1.0,0.0,0.0,0.0
68,60928a250d3bfcb9a26fe8ef,2023-08-08 17:01:16.103249,2023-08-08 17:19:20.114379,framework,Abitur,Teilzeit angestellt ,10.0,6.0,7.0,6.0,2,2,1,1,1,2,1,2,3,2,3,2,3,4,4,3,3,5,3,3,4,2,4,2,3.0,4,3,3,3,5,2,1,3,4,2,3,3,3,3,Stimme überhaupt nicht zu,64d25890cd9ad863e8c88b8c,18.733333333333334,655,25,Female,1.8333333333333333,3.5555555555555554,32.0,2,3.0,3.0,-1.0,preparation,weniger prokrastinieren,1,0.5,0,1,1,0,0,0,0.0,5.0,2.0,3.0,4.0,2.0,4.0,0.0,1.0,0.0,3.0,0.0,1.0,0.0,4.0,2.0,0.0,0.0,1.0,0.0,1.0,0.0,0.0,0.0,1.0,0.0
69,60b3d1ccaa70940b72334feb,2023-08-10 13:42:39.114226,2023-08-10 13:58:12.588834,framework,Master-Abschluss,Musikschulleiterin,9.0,8.0,8.0,8.0,4,1,3,4,4,4,4,5,3,4,4,4,1,1,4,5,5,5,5,5,5,5,2,2,1.0,5,5,4,1,5,4,2,5,5,5,4,3,4,4,Stimme überhaupt nicht zu,64d4cd0f8d46d35491391288,16.116666666666667,229,45,Female,3.6666666666666665,4.0,36.0,3,3.6666666666666665,4.75,0.0,preparation,weniger prokrastinieren,1,1,1,1,1,0,0,0,2.0,6.0,1.0,5.0,3.0,1.0,4.0,1.0,1.0,3.0,0.0,0.0,1.0,3.0,3.0,0.0,1.0,0.0,0.0,0.0,1.0,0.0,0.0,0.0,1.0,0.0
70,60be1ebd38d04cdbd9f58121,2023-08-10 10:15:49.907451,2023-08-10 10:35:19.356302,no_system,Bachelor-Abschluss,Maschinenbau Ingenieur,10.0,8.0,6.0,8.0,2,2,3,4,3,4,4,4,3,4,4,4,2,4,4,2,5,5,4,4,5,4,5,4,4.0,2,3,4,3,3,4,4,5,4,4,4,3,4,3,Stimme überhaupt nicht zu,64d49c685ef0d9a1d237f087,20.933333333333334,1033,31,Male,3.4166666666666665,3.888888888888889,40.0,5,3.3333333333333335,4.25,2.0,contemplation,weniger prokrastinieren,1,1,1,1,1,0,0,0,6.0,3.0,4.0,4.0,3.0,2.0,4.0,2.0,0.0,1.0,1.0,2.0,0.0,1.0,3.0,0.0,2.0,1.0,1.0,0.0,0.0,0.0,1.0,0.0,0.0,0.0
71,60be29be5264e6ed7ff6126b,2023-08-14 15:47:33.553281,2023-08-14 16:17:14.356097,no_system,Bachelor-Abschluss,Ingenieur,5.0,5.0,9.0,6.0,2,2,1,2,1,1,1,1,1,2,2,2,1,1,1,4,4,4,2,2,2,2,5,2,2.0,4,2,2,2,5,2,1,4,4,3,3,1,1,1,Stimme überhaupt nicht zu,64da30589b33cae6cd2b2d08,30.216666666666665,670,32,Male,1.5,2.3333333333333335,29.0,1,1.0,3.5,-3.0,action,gesünder essen,0,0.5,0,0,0,1,0,0,0.0,6.0,1.0,4.0,5.0,0.0,4.0,0.0,0.0,0.0,2.0,2.0,0.0,0.0,5.0,2.0,0.0,2.0,0.0,0.0,0.0,0.0,0.0,0.0,0.0,0.0
72,60beb1657520f1e69477a90f,2023-08-08 17:06:03.483753,2023-08-08 17:32:08.525068,framework,Abitur,Student,9.0,7.0,8.0,8.0,2,1,2,3,4,2,3,4,2,2,3,4,4,5,5,5,5,5,5,5,5,4,4,2,2.0,5,3,3,2,4,4,1,5,5,4,5,4,4,4,Stimme überhaupt nicht zu,64d2599881b3e01bcd2d8973,27.183333333333334,384,26,Female,2.6666666666666665,4.888888888888889,34.0,2,4.0,4.75,0.0,preparation,weniger prokrastinieren,1,1,1,1,1,0,0,0,0.0,7.0,0.0,5.0,3.0,1.0,5.0,1.0,0.0,0.0,2.0,1.0,2.0,0.0,3.0,1.0,1.0,1.0,1.0,0.0,0.0,0.0,0.0,2.0,0.0,0.0
73,60c373c27f986fcf789fa817,2023-08-08 14:47:20.518695,2023-08-08 15:02:52.86164,no_system,Abitur,Studieren,10.0,0.0,4.0,4.0,1,1,1,1,1,1,1,4,1,1,3,1,1,3,3,2,4,4,1,1,1,1,4,1,1.0,5,1,1,1,5,1,1,4,4,3,2,1,1,1,Stimme überhaupt nicht zu,64d2391e98369b36e1619d69,16.733333333333334,148,22,Female,1.4166666666666667,2.2222222222222223,22.0,1,1.0,3.25,0.0,contemplation,nachhaltiger leben,0,0,0,0,0,0,0,0,6.0,4.0,3.0,2.0,7.0,0.0,2.0,0.0,0.0,0.0,2.0,0.0,0.0,0.0,7.0,2.0,0.0,0.0,0.0,0.0,0.0,0.0,0.0,0.0,0.0,0.0
74,60c613b99924bb019124b785,2023-08-09 13:22:54.40416,2023-08-09 13:53:17.280768,no_system,mittlere Reife,Schüler,8.0,6.0,5.0,8.0,3,2,3,3,3,3,3,3,2,4,3,4,3,4,4,4,5,3,4,4,5,4,3,3,2.0,4,3,4,3,3,4,3,4,3,4,4,2,3,4,Stimme überhaupt nicht zu,64d376d5b09c55de9df464e3,31.466666666666665,539,22,Female,3.0,4.0,36.0,5,3.0,3.75,3.0,contemplation,gesünder essen,1,1,0,1,1,0,0,0,5.0,7.0,0.0,6.0,3.0,0.0,4.0,2.0,0.0,2.0,1.0,1.0,0.0,2.0,3.0,1.0,2.0,1.0,0.0,0.0,0.0,0.0,0.0,0.0,0.0,0.0
75,60fd20116e9cad4c06dbb98c,2023-08-10 09:45:41.229202,2023-08-10 10:02:55.253582,framework,Bachelor-Abschluss,Student,10.0,8.0,8.0,6.0,1,1,2,1,2,1,1,3,1,1,1,2,1,1,2,2,5,2,1,1,3,2,5,1,1.0,5,1,1,3,5,1,1,2,2,2,4,1,4,2,Stimme überhaupt nicht zu,64d4958bbd96e1d434650bf1,17.633333333333333,342,23,Female,1.4166666666666667,2.0,26.0,0,2.3333333333333335,2.5,-2.0,preparation,weniger prokrastinieren,1,0.5,0.5,0,0,0,0,0,2.0,2.0,5.0,3.0,4.0,2.0,3.0,1.0,1.0,0.0,1.0,0.0,2.0,0.0,4.0,1.0,1.0,0.0,0.0,1.0,0.0,0.0,0.0,1.0,1.0,0.0
76,60fd5d982789160769f1ba94,2023-08-08 13:19:39.010387,2023-08-08 13:41:39.102508,no_system,Abitur,Angestellter,10.0,9.0,8.0,9.0,2,2,1,5,5,4,2,3,1,3,4,3,1,4,4,4,4,4,4,4,4,3,5,4,3.0,4,3,4,3,4,3,1,5,5,4,4,3,3,3,Stimme überhaupt nicht zu,64d2247398ecfe97b1a58686,22.933333333333334,766,46,Male,2.9166666666666665,3.6666666666666665,37.0,2,3.0,4.5,1.0,preparation,gesünder essen,1,1,1,1,1,1,0,0,5.0,5.0,2.0,4.0,4.0,1.0,2.0,1.0,2.0,1.0,1.0,0.0,0.0,1.0,4.0,1.0,1.0,0.0,0.0,1.0,1.0,0.0,0.0,0.0,0.0,0.0
77,60fd8d95b59b06d4415c8ccb,2023-08-16 16:49:10.520646,2023-08-16 17:06:31.018629,no_system,Bachelor-Abschluss,Vollzeit Angestellt,8.0,6.0,5.0,6.0,1,1,2,2,2,3,1,2,1,2,2,3,1,1,1,3,5,2,2,1,3,3,5,3,2.0,5,3,3,1,3,2,1,5,4,3,4,2,3,3,Stimme überhaupt nicht zu,64dce1c9706710787c90966c,17.983333333333334,1002,29,Male,1.8333333333333333,2.111111111111111,31.0,2,2.6666666666666665,4.0,1.0,contemplation,weniger prokrastinieren,0.5,0,0,1,1,0,0,0,4.0,5.0,2.0,3.0,5.0,1.0,2.0,1.0,1.0,2.0,0.0,0.0,0.0,2.0,5.0,0.0,1.0,0.0,0.0,1.0,0.0,0.0,0.0,0.0,0.0,0.0
78,60fe7985ba99343ad0b893b7,2023-08-08 12:03:15.076618,2023-08-08 12:23:55.788334,no_system,Abitur,Student,8.0,9.0,9.0,9.0,3,3,4,4,4,4,4,4,4,4,4,4,1,2,4,2,5,2,4,4,5,4,5,3,3.0,2,5,3,2,4,4,1,5,4,4,5,4,4,4,Stimme überhaupt nicht zu,64d212ba7b32eefc10173fb3,21.433333333333334,738,23,Female,3.8333333333333335,3.2222222222222223,36.0,4,4.0,4.5,0.0,action,nachhaltiger leben,0,0,0,1,0,0,0,No,7.0,5.0,2.0,2.0,4.0,3.0,4.0,1.0,0.0,0.0,2.0,2.0,0.0,0.0,4.0,1.0,1.0,0.0,1.0,0.0,0.0,0.0,2.0,0.0,0.0,0.0
79,61004f4f4aacf97c5950524d,2023-08-09 14:47:17.480651,2023-08-09 15:10:31.648316,framework,Abitur,selbständig,7.0,8.0,9.0,8.0,1,1,1,1,1,1,1,1,2,1,1,1,1,1,3,1,5,3,1,1,4,1,5,1,1.0,5,1,1,1,5,1,1,3,2,1,3,1,1,3,Stimme überhaupt nicht zu,64d38a9f66c7d8a4400bdaef,24.283333333333335,571,48,Female,1.0833333333333333,2.2222222222222223,23.0,0,1.6666666666666667,2.25,-1.0,action,weniger prokrastinieren,0.5,1,0,0,0,0,0,0,0.0,6.0,1.0,2.0,4.0,3.0,4.0,1.0,0.0,0.0,2.0,2.0,0.0,0.0,4.0,1.0,1.0,0.0,1.0,0.0,0.0,0.0,2.0,0.0,0.0,0.0
80,6101b48f3cdc587267ff02a2,2023-08-09 11:13:47.174521,2023-08-09 11:34:46.635028,framework,Bachelor-Abschluss,Grafikdesigner,9.0,7.0,5.0,7.0,2,3,1,3,2,2,2,4,1,2,4,2,2,4,4,3,4,4,3,4,4,4,3,3,2.0,4,3,3,2,4,3,1,5,4,4,4,2,3,3,Stimme überhaupt nicht zu,64d358a6a7555969e7cf268c,21.683333333333334,347,23,Female,2.3333333333333335,3.5555555555555554,32.0,4,2.6666666666666665,4.25,2.0,contemplation,weniger prokrastinieren,1,1,0,0,0,1,0,0,1.0,7.0,0.0,0.0,6.0,3.0,3.0,0.0,0.0,0.0,1.0,2.0,0.0,0.0,6.0,0.0,0.0,0.0,1.0,0.0,0.0,0.0,2.0,0.0,0.0,0.0
81,6102da1fe0817a1cd60ff566,2023-08-10 09:53:20.906279,2023-08-10 10:13:52.90465,no_system,Abitur,Mitarbeiterin im Verkauf,9.0,8.0,7.0,8.0,3,3,1,2,1,3,1,4,3,4,2,3,1,4,4,4,4,5,4,4,4,4,5,4,1.0,4,4,2,2,4,4,2,3,3,4,4,4,4,4,Stimme überhaupt nicht zu,64d497570284e6d80aba83da,20.916666666666668,409,21,Female,2.5,3.7777777777777777,36.0,2,4.0,3.5,1.0,preparation,nachhaltiger leben,1,1,1,1,1,0,0,0,4.0,4.0,3.0,4.0,3.0,2.0,5.0,1.0,0.0,1.0,2.0,1.0,1.0,0.0,3.0,2.0,1.0,1.0,0.0,0.0,0.0,1.0,0.0,0.0,1.0,0.0
82,61066122f34a6dcb4e56ee1e,2023-08-10 12:00:31.522768,2023-08-10 12:23:33.122956,framework,Abitur,Studentin / studierende Angestellte an der Universität,7.0,3.0,5.0,5.0,2,1,1,1,2,1,1,1,1,1,1,1,1,1,1,1,3,2,1,1,3,2,5,2,2.0,5,4,1,1,5,2,1,1,3,1,1,1,1,1,Stimme überhaupt nicht zu,64d4b4edee5855fe8a680ae8,24.516666666666666,145,21,Female,1.1666666666666667,1.5555555555555556,30.0,0,1.0,1.5,0.0,contemplation,weniger prokrastinieren,1,0,1,1,1,0,0,0,1.0,4.0,3.0,5.0,2.0,2.0,6.0,1.0,0.0,1.0,3.0,1.0,1.0,1.0,2.0,2.0,1.0,0.0,1.0,0.0,0.0,0.0,1.0,1.0,0.0,0.0
83,6107ab75c50cfb94fb523279,2023-08-07 15:41:30.922782,2023-08-07 15:57:03.196897,framework,Abitur,Assistenz ,-1.0,-1.0,8.0,8.0,1,1,2,1,2,2,2,3,2,2,1,3,2,2,3,3,3,4,3,3,4,3,3,3,4.0,2,4,3,2,5,2,1,4,4,3,4,3,3,3,Stimme überhaupt nicht zu,64d0f45ff35be85c5e647ccc,16.666666666666668,401,44,Male,1.8333333333333333,3.0,32.0,5,3.0,3.75,0.0,preparation,weniger prokrastinieren,0,0,0,0,0,1,0,0,0.0,5.0,1.0,3.0,5.0,1.0,4.0,0.0,0.0,0.0,3.0,0.0,1.0,0.0,5.0,2.0,0.0,0.0,1.0,0.0,0.0,0.0,0.0,1.0,0.0,0.0
84,610905a730569ffea2fbdd0b,2023-08-10 10:00:19.898699,2023-08-10 10:22:49.173147,framework,Abitur,Studentin,8.0,5.0,6.0,7.0,2,1,2,1,3,3,3,4,5,3,4,3,1,2,4,4,5,5,3,3,3,4,4,2,2.0,4,3,2,1,5,4,1,5,5,5,4,3,3,3,Stimme überhaupt nicht zu,64d498f5e1827839c6b8ce42,22.933333333333334,978,26,Female,2.8333333333333335,3.3333333333333335,32.0,2,3.0,4.75,1.0,contemplation,weniger prokrastinieren,1,1,1,1,1,0,0,0,2.0,7.0,0.0,4.0,4.0,1.0,3.0,2.0,0.0,1.0,1.0,1.0,0.0,0.0,4.0,1.0,2.0,1.0,0.0,0.0,0.0,1.0,0.0,0.0,0.0,0.0
85,61123681461c3abe26ab1bd3,2023-08-08 12:05:32.677339,2023-08-08 12:25:29.003163,framework,Bachelor-Abschluss,Selbstständig ,9.0,7.0,7.0,6.0,1,1,3,2,3,2,2,2,2,2,3,3,1,3,4,3,4,4,3,3,4,2,4,2,2.0,4,2,2,1,5,2,1,4,3,2,3,2,3,3,Stimme überhaupt nicht zu,64d2132f3b3487c99e64e5db,20.966666666666665,957,36,Male,2.1666666666666665,3.2222222222222223,27.0,2,2.6666666666666665,3.0,-1.0,preparation,weniger prokrastinieren,1,0,0,0,0,0,0,No,0.0,5.0,2.0,2.0,6.0,1.0,3.0,0.0,0.0,1.0,1.0,1.0,0.0,1.0,6.0,1.0,0.0,0.0,0.0,0.0,0.0,0.0,1.0,0.0,0.0,0.0
86,6122091a0404dbaa1029d297,2023-08-10 12:07:30.169142,2023-08-10 12:24:02.257382,no_system,Bachelor-Abschluss,Sozialarbeiterin,5.0,5.0,9.0,9.0,1,1,1,1,1,3,1,1,1,1,2,3,1,3,4,5,5,5,2,3,4,2,5,1,2.0,5,2,2,2,5,2,1,5,5,5,4,2,3,3,Stimme überhaupt nicht zu,64d4b6c50682f1b9b21641e8,17.183333333333334,491,32,Female,1.4166666666666667,3.5555555555555554,29.0,0,2.6666666666666665,4.75,0.0,action,gesünder essen,1,1,0,1,0,0,0,0,3.0,7.0,0.0,4.0,2.0,3.0,6.0,0.0,1.0,1.0,4.0,1.0,0.0,1.0,2.0,3.0,0.0,0.0,1.0,1.0,0.0,0.0,1.0,0.0,0.0,0.0
87,6122b8c32b7064118c38350c,2023-08-09 12:22:33.098215,2023-08-09 12:48:20.205156,no_system,Abitur,Student,10.0,10.0,8.0,9.0,3,1,4,4,5,5,4,5,3,3,4,4,2,3,4,4,4,4,4,4,5,4,3,4,1.0,3,3,4,4,3,3,2,5,5,4,4,3,4,4,Stimme überhaupt nicht zu,64d368c3cc29c07e921e1094,26.5,200,33,Female,3.75,3.7777777777777777,34.0,6,3.6666666666666665,4.5,1.0,preparation,weniger prokrastinieren,1,1,0,1,1,0,0,0,8.0,7.0,0.0,2.0,2.0,5.0,5.0,2.0,0.0,0.0,2.0,2.0,1.0,0.0,2.0,0.0,2.0,0.0,2.0,0.0,0.0,0.0,2.0,0.0,1.0,0.0
88,6123b1880281694d300a4689,2023-08-07 16:34:56.81196,2023-08-07 16:51:23.635691,no_system,Bachelor-Abschluss,Studentin,10.0,7.0,6.0,9.0,4,1,3,4,2,4,3,4,3,3,3,4,2,2,4,4,5,4,3,3,5,4,2,4,2.0,5,4,2,3,4,3,3,4,4,4,4,3,2,3,Stimme überhaupt nicht zu,64d100f98eb922d0436b0476,16.866666666666667,177,26,Female,3.1666666666666665,3.5555555555555554,36.0,4,2.6666666666666665,4.0,3.0,contemplation,weniger prokrastinieren,1,0,0,1,1,0,0,0,9.0,7.0,0.0,3.0,5.0,1.0,3.0,0.0,1.0,0.0,1.0,1.0,1.0,0.0,5.0,1.0,0.0,0.0,0.0,0.0,1.0,0.0,1.0,1.0,0.0,0.0
89,6123c4f8e486767a57db9afe,2023-08-10 11:22:23.035017,2023-08-10 11:36:49.77348,no_system,Master-Abschluss,Selbstständig,9.0,5.0,4.0,5.0,3,2,1,2,2,2,1,3,2,2,3,3,1,4,4,3,5,4,3,2,5,5,4,5,2.0,4,3,4,2,4,2,2,3,4,3,4,2,3,2,Stimme überhaupt nicht zu,64d4ac360001de7ce52f2908,14.883333333333333,585,30,Female,2.1666666666666665,3.4444444444444446,37.0,3,2.3333333333333335,3.5,1.0,contemplation,gesünder essen,1,0,0,1,0,1,0,0,4.0,5.0,2.0,2.0,5.0,2.0,3.0,1.0,0.0,0.0,2.0,0.0,1.0,0.0,5.0,1.0,1.0,0.0,1.0,0.0,0.0,0.0,0.0,0.0,1.0,0.0
90,61278b6f51370e291bdd7fdb,2023-08-09 09:22:41.299628,2023-08-09 09:42:25.888635,framework,Master-Abschluss,"Angestellt, Vollzeit, Leiter Logistik",10.0,5.0,5.0,5.0,1,1,1,1,1,1,1,1,1,2,1,2,1,2,5,2,2,3,1,1,1,2,4,2,2.0,4,2,1,2,5,2,3,5,3,2,1,1,1,1,Stimme überhaupt nicht zu,64d33e3aca49739539a71e35,22.133333333333333,833,50,Male,1.1666666666666667,2.0,29.0,2,1.0,2.75,0.0,contemplation,gesünder essen,1,0,0.5,0,0,0,0,Hallucination,3.0,4.0,3.0,3.0,5.0,1.0,2.0,0.0,2.0,1.0,0.0,1.0,0.0,1.0,5.0,0.0,0.0,0.0,0.0,0.0,2.0,0.0,1.0,0.0,0.0,0.0
91,6128b9759625adfaead84216,2023-08-08 12:42:49.459575,2023-08-08 12:57:25.314288,no_system,Abitur,Studentin,9.0,9.0,8.0,8.0,4,4,4,4,5,5,5,5,5,5,5,5,1,5,5,5,5,5,5,5,5,4,3,3,3.0,3,4,4,4,2,4,4,5,5,5,5,4,5,5,Stimme überhaupt nicht zu,64d21c0804b6766727171ce7,15.183333333333334,244,21,Female,4.666666666666667,4.555555555555555,38.0,7,4.666666666666667,5.0,0.0,preparation,weniger prokrastinieren,0,0,0,1,1,0,0,0,7.0,7.0,0.0,2.0,6.0,1.0,2.0,1.0,0.0,0.0,0.0,0.0,2.0,0.0,6.0,0.0,1.0,0.0,0.0,0.0,0.0,0.0,0.0,1.0,1.0,0.0
92,6138ca54d0f9f2234e722285,2023-08-11 09:09:01.791013,2023-08-11 09:26:26.447991,framework,Bachelor-Abschluss,Account Manager,9.0,10.0,8.0,9.0,4,2,2,3,3,3,4,4,3,4,4,3,2,3,4,5,5,4,4,4,4,5,2,4,5.0,2,4,3,4,4,4,1,5,5,4,4,3,4,4,Stimme überhaupt nicht zu,64d5de75439d20628c86d335,17.85,958,29,Male,3.25,3.888888888888889,38.0,7,3.6666666666666665,4.5,1.0,preparation,weniger prokrastinieren,1,1,0,0,1,0,0,0,0.0,7.0,0.0,3.0,6.0,0.0,3.0,0.0,0.0,1.0,0.0,2.0,0.0,1.0,6.0,0.0,0.0,2.0,0.0,0.0,0.0,0.0,0.0,0.0,0.0,0.0
93,613ba1090afacfa15f8af1a5,2023-08-08 17:02:40.776529,2023-08-08 17:16:57.061938,no_system,Master-Abschluss,Angestellt,7.0,5.0,8.0,5.0,3,3,2,3,2,2,2,3,2,3,3,3,1,3,3,5,5,5,4,4,4,3,4,4,3.0,5,4,4,3,5,4,1,5,4,4,4,1,1,1,Stimme überhaupt nicht zu,64d258cb1388a3b8f86018fe,15.7,585,26,Female,2.5833333333333335,3.7777777777777777,40.0,1,1.0,4.25,-3.0,preparation,gesünder essen,1,0,1,1,1,0,0,0,5.0,6.0,1.0,6.0,2.0,1.0,4.0,3.0,0.0,0.0,2.0,2.0,0.0,0.0,2.0,2.0,2.0,2.0,0.0,0.0,0.0,0.0,0.0,0.0,0.0,1.0
94,6153d9d6f7dc5d0934da7885,2023-08-16 14:30:06.41655,2023-08-16 14:49:41.489373,framework,Abitur,Studieren,9.0,9.0,8.0,9.0,1,1,3,3,4,4,3,4,4,2,4,4,3,5,5,4,5,4,3,3,4,4,5,4,2.0,5,3,3,2,5,1,1,2,4,2,4,3,3,3,Stimme überhaupt nicht zu,64dcc0455913f0ebc12eb10e,20.616666666666667,272,21,Male,3.0833333333333335,4.0,35.0,0,3.0,3.0,1.0,preparation,gesünder essen,1,1,1,1,1,0,Unsure,0,0.0,5.0,2.0,8.0,1.0,0.0,4.0,1.0,3.0,2.0,2.0,0.0,0.0,2.0,1.0,2.0,1.0,0.0,0.0,0.0,3.0,0.0,0.0,0.0,0.0,0.0
95,615452aaabb932ada88ef3ca,2023-08-08 16:55:58.517045,2023-08-08 17:10:33.34597,no_system,abgeschlossene Berufsausbildung,Industriemechaniker für Maschinen- und Anlagenbau,10.0,10.0,9.0,9.0,2,2,3,2,5,5,5,5,5,3,5,5,1,5,5,4,5,5,4,4,5,4,4,4,2.0,4,4,4,2,4,3,1,5,4,4,5,3,4,3,Stimme überhaupt nicht zu,64d256ee3f36a0548683bf7e,16.716666666666665,557,33,Male,3.9166666666666665,4.222222222222222,36.0,3,3.3333333333333335,4.5,0.0,action,gesünder essen,1,0.5,1,1,1,0,0,0,3.0,5.0,2.0,5.0,3.0,1.0,3.0,1.0,2.0,1.0,0.0,2.0,0.0,1.0,3.0,0.0,1.0,1.0,0.0,0.0,2.0,0.0,1.0,0.0,0.0,0.0
96,61547e4101693206125d0d96,2023-08-09 12:32:42.063595,2023-08-09 12:49:22.811933,framework,Bachelor-Abschluss,Projektmanagement,9.0,9.0,7.0,9.0,2,4,3,3,4,4,3,3,2,3,2,3,1,4,5,5,5,5,4,4,4,4,5,3,4.0,4,4,4,2,4,4,3,5,5,4,4,4,4,4,Stimme überhaupt nicht zu,64d364804349541d59e0014f,39.05,879,31,Male,3.0,4.111111111111111,41.0,2,4.0,4.5,2.0,preparation,gesünder essen,1,1,1,1,1,0,0,0,0.0,7.0,0.0,8.0,1.0,0.0,6.0,2.0,0.0,2.0,4.0,0.0,0.0,2.0,1.0,4.0,2.0,0.0,0.0,0.0,0.0,0.0,0.0,0.0,0.0,0.0
97,6154ba8467f9bfa97682c022,2023-08-10 09:42:37.229154,2023-08-10 10:00:34.523607,no_system,Abitur,Medienbranche,9.0,7.0,7.0,7.0,1,1,2,2,2,2,2,3,2,2,2,1,1,1,3,2,2,2,2,2,2,3,4,3,2.0,5,2,1,2,4,2,1,3,3,3,3,2,2,2,Stimme überhaupt nicht zu,64d494bc51350ad348650bff,18.883333333333333,254,50,Male,1.8333333333333333,1.8888888888888888,29.0,2,2.0,3.0,0.0,preparation,gesünder essen,1,0,0.5,0,0,0,0,0,5.0,5.0,2.0,3.0,5.0,1.0,4.0,0.0,0.0,2.0,1.0,1.0,0.0,2.0,5.0,1.0,0.0,0.0,0.0,0.0,0.0,0.0,1.0,0.0,0.0,0.0
98,6155869bc689974635969b8a,2023-08-08 13:54:20.548997,2023-08-08 14:10:42.291408,no_system,Abitur,Studentin,10.0,9.0,7.0,9.0,3,3,3,3,3,3,3,3,3,3,3,4,1,2,4,5,5,5,4,4,4,4,1,4,5.0,4,5,5,5,4,4,1,5,5,5,5,3,4,4,Stimme überhaupt nicht zu,64d22cd07cd19bef063d46ee,17.05,272,30,Female,3.0833333333333335,3.7777777777777777,42.0,6,3.6666666666666665,5.0,2.0,preparation,weniger prokrastinieren,1,1,0,1,1,0,0,0,2.0,7.0,0.0,2.0,5.0,2.0,4.0,0.0,0.0,1.0,2.0,1.0,0.0,1.0,5.0,0.0,0.0,1.0,2.0,0.0,0.0,0.0,0.0,0.0,0.0,0.0
99,6156c03beb47b00976ab809f,2023-08-08 14:08:22.240796,2023-08-08 14:30:28.697214,framework,Master-Abschluss,Linguist,9.0,9.0,0.0,8.0,2,2,1,2,1,2,1,3,1,2,3,3,1,4,4,5,5,5,4,4,5,4,5,3,1.0,3,3,4,3,5,3,1,5,5,5,3,4,4,4,Stimme überhaupt nicht zu,64d230073535fbf4fa619d8e,22.6,869,42,Female,1.9166666666666667,4.111111111111111,35.0,2,4.0,4.5,8.0,precontemplation,weniger prokrastinieren,1,1,1,1,1,0,0,0,0.0,7.0,0.0,2.0,5.0,2.0,2.0,1.0,1.0,0.0,2.0,0.0,0.0,0.0,5.0,0.0,1.0,0.0,2.0,0.0,1.0,0.0,0.0,0.0,0.0,0.0
100,615c5c448b32a4a0ce81e2b4,2023-08-09 12:32:08.480372,2023-08-09 12:47:12.660459,no_system,Bachelor-Abschluss,Angestellte,7.0,10.0,4.0,10.0,1,1,2,1,2,3,2,2,2,3,3,3,3,3,2,5,5,2,2,2,2,3,4,3,2.0,3,2,3,3,4,2,2,3,4,4,3,2,2,2,Stimme überhaupt nicht zu,64d36a7c316056e220d7b5ef,16.533333333333335,346,28,Female,2.0833333333333335,2.888888888888889,31.0,4,2.0,3.5,6.0,contemplation,gesünder essen,1,1,1,1,1,0,0,0,3.0,7.0,0.0,5.0,4.0,0.0,2.0,3.0,0.0,1.0,1.0,0.0,0.0,1.0,4.0,1.0,3.0,0.0,0.0,0.0,0.0,0.0,0.0,0.0,0.0,0.0
101,615e1c550d57423174258d74,2023-08-08 10:07:39.229278,2023-08-08 10:27:51.692385,no_system,Abitur,Studenti,10.0,8.0,6.0,6.0,3,2,3,4,3,4,4,4,3,4,4,4,3,3,4,4,5,5,4,4,4,4,5,3,2.0,4,4,4,2,3,3,1,5,5,3,5,4,4,4,Stimme überhaupt nicht zu,64d1f6c67356bab250759725,20.883333333333333,432,23,Female,3.5,4.0,35.0,3,4.0,4.5,0.0,contemplation,weniger prokrastinieren,1,0,1,1,1,0,0,0,3.0,7.0,0.0,3.0,5.0,1.0,2.0,1.0,1.0,0.0,1.0,0.0,1.0,0.0,5.0,1.0,1.0,0.0,0.0,1.0,0.0,0.0,0.0,1.0,0.0,0.0
102,61642079e97a8b33e926d76f,2023-08-08 12:07:45.634746,2023-08-08 12:58:28.228694,no_system,Master-Abschluss,student,8.0,4.0,6.0,6.0,1,1,2,3,3,3,1,4,1,3,3,4,1,1,2,1,3,1,2,1,3,4,4,3,2.0,4,3,3,2,3,4,3,5,4,3,4,3,4,4,Stimme überhaupt nicht zu,64d213a431394162bccabc98,51.516666666666666,391,29,Female,2.4166666666666665,1.6666666666666667,35.0,4,3.6666666666666665,4.0,0.0,contemplation,weniger prokrastinieren,0.5,0,0,0,0,0,Unsure,0,6.0,4.0,3.0,3.0,5.0,1.0,3.0,1.0,0.0,0.0,3.0,0.0,0.0,0.0,5.0,2.0,1.0,0.0,1.0,0.0,0.0,0.0,0.0,0.0,0.0,0.0
103,616529cd79b29b3850c420cb,2023-08-08 11:57:22.882617,2023-08-08 12:13:15.102937,framework,mittlere Reife,Rentner,6.0,6.0,1.0,8.0,1,1,1,1,3,1,2,2,1,1,3,3,2,3,3,3,4,4,2,2,4,2,5,3,3.0,4,2,2,3,4,3,1,4,4,3,4,3,3,3,Stimme überhaupt nicht zu,64d21167286f5411fc64e5a9,16.516666666666666,728,72,Male,1.6666666666666667,3.0,32.0,2,3.0,3.75,7.0,precontemplation,gesünder essen,0,0,0,0,0,0,0,No,0.0,7.0,0.0,6.0,3.0,0.0,6.0,0.0,0.0,2.0,4.0,0.0,0.0,2.0,3.0,4.0,0.0,0.0,0.0,0.0,0.0,0.0,0.0,0.0,0.0,0.0
104,627bbf69ab2788507bc421a2,2023-08-10 10:15:45.733914,2023-08-10 10:59:56.628048,framework,Master-Abschluss,Network Engineer,8.0,5.0,6.0,8.0,3,2,4,5,5,5,4,5,4,4,4,3,2,4,4,3,5,4,3,4,5,3,2,3,2.0,5,4,4,2,4,5,1,4,3,3,4,3,4,3,Stimme überhaupt nicht zu,64d49c33efdc55de1aebad7e,46.516666666666666,922,36,Male,4.0,3.7777777777777777,35.0,4,3.3333333333333335,3.5,2.0,contemplation,gesünder essen,1,0.5,0.5,0,0,0,0,0,0.0,5.0,2.0,5.0,4.0,0.0,4.0,1.0,0.0,1.0,2.0,1.0,0.0,1.0,4.0,2.0,1.0,1.0,0.0,0.0,0.0,0.0,0.0,0.0,0.0,0.0
105,627bc25986865d223b511486,2023-08-07 17:37:54.152908,2023-08-07 17:59:54.105208,no_system,abgeschlossene Berufsausbildung,Angestellter ,7.0,6.0,5.0,7.0,1,3,5,4,4,3,2,3,1,4,4,4,2,4,4,3,5,5,4,4,4,4,5,3,3.0,3,4,4,4,2,4,3,4,4,4,5,3,3,4,Stimme überhaupt nicht zu,64d10f7a98087a81ae7112e6,22.683333333333334,174,25,Male,3.1666666666666665,3.888888888888889,39.0,5,3.3333333333333335,4.25,2.0,contemplation,,,,,,,,,,,,,,,,,,,,,,,,,,,,,,,,,,,
106,627bc7027fdd16e4fa4b956c,2023-08-09 10:35:02.487236,2023-08-09 11:11:00.816713,framework,Abitur,System engineer,7.0,6.0,6.0,7.0,2,1,1,1,1,2,2,1,1,2,3,2,3,1,2,2,4,2,3,3,4,3,3,2,3.0,4,3,2,2,5,1,1,3,3,2,3,2,2,2,Stimme überhaupt nicht zu,64d34f5a81d268f4f756dbe6,37.7,311,33,Male,1.5833333333333333,2.6666666666666665,29.0,3,2.0,2.75,1.0,contemplation,weniger prokrastinieren,1,1,1,1,1,0,0,0,0.0,3.0,4.0,4.0,4.0,1.0,4.0,1.0,0.0,0.0,2.0,2.0,0.0,0.0,4.0,2.0,1.0,1.0,0.0,0.0,0.0,0.0,1.0,0.0,0.0,0.0
107,627bccc58bb8898efd763beb,2023-08-08 14:58:47.463741,2023-08-08 15:44:35.431799,no_system,Abitur,Dualer Student,3.0,2.0,5.0,5.0,2,2,1,2,2,1,1,2,2,2,1,1,1,4,4,5,5,5,3,4,4,2,5,1,1.0,5,2,2,2,5,2,1,5,5,4,4,3,3,3,Stimme überhaupt nicht zu,64d23be3d1a600041a3d46ae,46.65,594,23,Male,1.5833333333333333,3.888888888888889,28.0,0,3.0,4.5,0.0,contemplation,nachhaltiger leben,1,1,1,1,1,0,0,No,1.0,5.0,2.0,6.0,2.0,1.0,5.0,2.0,0.0,0.0,3.0,1.0,1.0,0.0,2.0,2.0,2.0,1.0,1.0,0.0,0.0,0.0,0.0,1.0,0.0,0.0
108,627be8df969ba21063c8a31f,2023-08-08 10:57:48.449748,2023-08-08 11:19:27.21946,framework,Bachelor-Abschluss,Studentin,10.0,10.0,10.0,9.0,1,2,1,2,3,3,1,2,1,2,3,3,2,2,2,2,3,2,2,2,3,3,3,3,3.0,5,2,3,3,5,3,1,5,3,3,3,4,4,4,Stimme überhaupt nicht zu,64d202f7b79c610681113153,22.75,722,24,Female,2.0,2.2222222222222223,34.0,2,4.0,3.5,-1.0,maintenance,gesünder essen,1,1,1,1,1,0,0,No,0.0,7.0,0.0,6.0,1.0,2.0,7.0,1.0,0.0,0.0,6.0,1.0,0.0,0.0,1.0,5.0,1.0,0.0,1.0,0.0,0.0,0.0,1.0,0.0,0.0,0.0
109,627bfd52e3e0bfd01cd0cad5,2023-08-11 09:04:59.46928,2023-08-11 09:19:53.611728,no_system,Abitur,Studentin,10.0,9.0,7.0,9.0,3,3,3,4,3,4,3,3,2,3,2,3,2,2,4,2,5,4,4,4,4,4,5,2,1.0,5,3,2,1,5,2,1,4,3,3,3,2,4,2,Stimme überhaupt nicht zu,64d5dd779bec7ce53e607cf8,15.6,56,24,Female,3.0,3.4444444444444446,31.0,0,2.6666666666666665,3.25,2.0,preparation,weniger prokrastinieren,1,1,1,1,1,0,0,0,3.0,5.0,2.0,4.0,3.0,2.0,4.0,2.0,0.0,1.0,2.0,1.0,0.0,1.0,3.0,1.0,2.0,0.0,1.0,0.0,0.0,0.0,1.0,0.0,0.0,0.0
110,627bfe5b0f4965a1e102a350,2023-08-10 09:08:53.140299,2023-08-10 09:26:52.867012,framework,Doktor-Grad,Angestellte,9.0,7.0,7.0,8.0,2,1,1,3,4,4,3,2,2,1,3,3,1,1,1,1,3,2,1,2,2,4,5,2,1.0,5,2,1,1,5,1,1,2,3,2,3,2,2,3,Stimme überhaupt nicht zu,64d48ce79ecbb8009fb2afa9,18.533333333333335,403,39,Female,2.4166666666666665,1.5555555555555556,28.0,0,2.3333333333333335,2.5,1.0,preparation,weniger prokrastinieren,1,1,1,0,1,0,0,No,0.0,4.0,3.0,4.0,3.0,2.0,5.0,1.0,0.0,0.0,4.0,1.0,0.0,0.0,3.0,2.0,1.0,1.0,2.0,0.0,0.0,0.0,0.0,0.0,0.0,0.0
111,627c9adcf5e3579f7b45be06,2023-08-10 12:46:41.4677,2023-08-10 13:02:49.991378,framework,Master-Abschluss,Informatiker,3.0,1.0,10.0,10.0,1,1,2,1,2,1,1,3,1,1,2,1,2,1,2,1,1,1,1,1,4,2,5,2,1.0,5,1,1,1,5,1,1,2,2,1,1,2,1,4,Stimme überhaupt nicht zu,64d4bfd5ee3e404276cdf742,17.266666666666666,29,32,Male,1.4166666666666667,1.5555555555555556,25.0,0,2.3333333333333335,1.5,0.0,maintenance,weniger prokrastinieren,0,0,0,0,0,0,0,0,0.0,3.0,4.0,5.0,4.0,0.0,5.0,0.0,0.0,1.0,3.0,0.0,1.0,1.0,4.0,3.0,0.0,0.0,0.0,0.0,0.0,0.0,0.0,1.0,0.0,0.0
112,627e030cc712893d578971f5,2023-08-08 15:07:18.933147,2023-08-08 15:20:14.516434,framework,Master-Abschluss,angestellt,,,,,2,1,1,1,2,2,1,1,1,1,1,1,1,1,4,5,5,5,1,2,2,1,5,1,1.0,5,1,1,1,5,2,1,1,3,3,3,1,1,1,Stimme überhaupt nicht zu,64d23de393ca4a6b6ced16cb,13.416666666666666,226,29,Female,1.25,2.888888888888889,24.0,0,1.0,2.5,,,gesünder essen,0,0,0,1,0,0,0,0,3.0,7.0,0.0,2.0,5.0,0.0,1.0,1.0,0.0,0.0,1.0,0.0,0.0,0.0,5.0,1.0,1.0,0.0,0.0,0.0,0.0,0.0,0.0,0.0,0.0,0.0
113,627e9e7f94f3cc0ded996731,2023-08-09 15:41:27.175275,2023-08-09 16:03:29.766538,no_system,Bachelor-Abschluss,Studentin,10.0,9.0,7.0,9.0,3,4,5,4,4,4,5,4,2,4,4,5,3,2,3,2,2,2,5,5,5,5,1,5,2.0,3,1,3,5,4,2,2,5,4,4,4,4,4,4,Stimme überhaupt nicht zu,64d39742e711e2d2bead950f,23.25,287,25,Female,4.0,3.2222222222222223,33.0,7,4.0,4.25,2.0,preparation,weniger prokrastinieren,1,1,1,1,1,0,0,No,4.0,4.0,3.0,5.0,3.0,1.0,5.0,0.0,1.0,1.0,1.0,2.0,1.0,1.0,3.0,1.0,0.0,1.0,0.0,0.0,1.0,0.0,1.0,1.0,0.0,0.0
114,62815afeef17b9fd338ea6c5,2023-08-09 10:29:40.92084,2023-08-09 10:44:28.824743,no_system,Master-Abschluss,Ingenieur,5.0,4.0,5.0,6.0,2,2,1,3,1,4,1,3,4,3,3,4,1,3,2,5,5,5,2,2,4,4,5,2,2.0,4,3,3,2,4,4,1,5,4,4,5,3,3,3,Stimme überhaupt nicht zu,64d34e56191aaf7a023b9484,15.333333333333334,531,33,Male,2.5833333333333335,3.2222222222222223,34.0,2,3.0,4.5,1.0,contemplation,weniger prokrastinieren,0,0,1,0,0,0,0,0,3.0,7.0,0.0,1.0,6.0,1.0,2.0,0.0,0.0,0.0,2.0,0.0,0.0,0.0,6.0,1.0,0.0,0.0,1.0,0.0,0.0,0.0,0.0,0.0,0.0,0.0
115,62837113d02e5a491c699e3e,2023-08-08 12:20:13.084857,2023-08-08 12:36:38.443608,framework,Master-Abschluss,Consultant,10.0,9.0,8.0,9.0,1,1,3,1,2,1,3,2,2,1,1,2,2,2,3,4,5,2,2,2,2,2,5,1,1.0,4,1,2,1,5,1,1,3,3,2,3,3,3,3,Stimme überhaupt nicht zu,64d216afea5c6ccfb443f941,17.216666666666665,166,33,Female,1.6666666666666667,2.6666666666666665,24.0,1,3.0,2.75,1.0,preparation,gesünder essen,0,0,0,0,0,0,0,No,0.0,6.0,0.0,5.0,4.0,0.0,4.0,1.0,0.0,1.0,3.0,0.0,0.0,1.0,4.0,3.0,1.0,0.0,0.0,0.0,0.0,0.0,0.0,0.0,0.0,0.0
116,62c42b020ddc9564f77e2e24,2023-08-08 16:27:41.415623,2023-08-08 16:52:36.899311,no_system,Abitur,Student,9.0,5.0,5.0,8.0,3,3,1,3,2,3,1,4,1,4,3,3,3,2,4,3,4,4,3,4,4,4,4,3,4.0,5,3,4,3,2,3,1,3,3,4,4,2,3,3,Stimme überhaupt nicht zu,64d250bc2e1b20f7b6525b99,25.5,445,28,Female,2.5833333333333335,3.4444444444444446,36.0,4,2.6666666666666665,3.5,3.0,contemplation,weniger prokrastinieren,1,0,0,1,1,0,0,0,8.0,6.0,1.0,3.0,5.0,1.0,3.0,1.0,0.0,0.0,0.0,1.0,2.0,0.0,5.0,0.0,1.0,0.0,0.0,0.0,0.0,0.0,1.0,2.0,0.0,0.0
117,62c549c43265b47996b6fda8,2023-08-16 13:00:40.18148,2023-08-16 13:26:08.242725,no_system,Master-Abschluss,Wissenschaftliche Mitarbeiterin ,1.0,1.0,10.0,7.0,3,2,4,5,5,5,5,4,1,3,4,4,1,4,4,5,5,5,4,5,5,4,4,4,2.0,5,5,5,3,5,4,4,5,4,5,5,4,4,5,Stimme überhaupt nicht zu,64dcac184d04be20b78bcdef,26.683333333333334,248,27,Female,3.75,4.222222222222222,45.0,1,4.333333333333333,4.75,-3.0,maintenance,nachhaltiger leben,1,1,1,1,1,0,0,0,4.0,7.0,0.0,6.0,3.0,0.0,3.0,2.0,1.0,3.0,0.0,0.0,0.0,3.0,3.0,0.0,2.0,0.0,0.0,0.0,1.0,0.0,0.0,0.0,0.0,0.0
118,62c5888ad7c94c75afc8397d,2023-08-16 11:21:22.597291,2023-08-16 11:46:11.00935,framework,Bachelor-Abschluss,Studieren,10.0,7.0,8.0,9.0,1,1,1,1,1,1,1,1,1,1,2,2,1,1,3,1,4,2,1,1,4,2,5,1,2.0,5,1,1,1,5,1,1,1,1,1,1,1,1,1,Stimme überhaupt nicht zu,64dc94dddfd5edb7577225ac,25.85,81,31,Female,1.1666666666666667,2.0,25.0,0,1.0,1.0,1.0,preparation,weniger prokrastinieren,0,1,0,0,0,1,0,No,1.0,2.0,7.0,0.0,10.0,2.0,2.0,0.0,0.0,1.0,0.0,1.0,0.0,0.0,10.0,0.0,0.0,0.0,0.0,0.0,0.0,1.0,1.0,0.0,0.0,0.0
119,62d975b271ef86567275de5d,2023-08-10 13:03:25.146358,2023-08-10 13:20:11.483858,framework,Bachelor-Abschluss,SEO admin,5.0,5.0,4.0,5.0,2,1,3,1,1,1,2,4,1,1,1,1,1,1,1,1,1,2,1,1,1,4,5,3,1.0,5,1,3,1,5,1,1,4,3,3,3,1,3,3,Stimme überhaupt nicht zu,64d4c3a249ce119da54eae55,18.25,636,40,Male,1.5833333333333333,1.1111111111111112,30.0,0,2.3333333333333335,3.25,1.0,contemplation,weniger prokrastinieren,0,0,0,0,0,1,0,0,,,,2.0,7.0,0.0,2.0,0.0,0.0,1.0,1.0,0.0,0.0,1.0,7.0,1.0,0.0,0.0,0.0,0.0,0.0,0.0,0.0,0.0,0.0,0.0
120,62ed054b4bf00da20ea22dc2,2023-08-09 12:03:20.677932,2023-08-09 12:22:59.946785,no_system,Bachelor-Abschluss,Student,9.0,8.0,7.0,7.0,2,2,3,3,4,3,3,3,1,2,2,3,3,3,3,4,5,4,3,4,4,3,5,3,2.0,4,3,4,3,5,3,1,4,4,4,4,3,4,4,Stimme überhaupt nicht zu,64d364516d5faf68cfca883e,20.183333333333334,477,23,Male,2.5833333333333335,3.6666666666666665,36.0,1,3.6666666666666665,4.0,0.0,preparation,weniger prokrastinieren,1,1,0,1,0,0,0,0,1.0,5.0,2.0,5.0,2.0,2.0,5.0,1.0,1.0,1.0,3.0,1.0,0.0,1.0,2.0,2.0,1.0,1.0,1.0,1.0,0.0,0.0,0.0,0.0,0.0,0.0
121,62fb7c36ec0d09ab67d5ccb2,2023-08-07 15:49:38.638481,2023-08-07 16:02:36.305122,framework,Abitur,Feinwerkmechaniker,7.0,5.0,3.0,5.0,1,2,1,1,4,1,1,1,2,2,3,2,1,3,3,5,5,5,4,4,4,4,5,2,1.0,5,1,1,3,5,3,1,5,4,3,3,1,1,1,Stimme überhaupt nicht zu,64d0f64da0e90161ca22b4c4,13.516666666666667,513,35,Male,1.75,3.7777777777777777,31.0,0,1.0,3.75,2.0,precontemplation,gesünder essen,0,0,0,0,0,0,No,No,0.0,6.0,1.0,5.0,2.0,2.0,5.0,1.0,1.0,2.0,1.0,2.0,0.0,2.0,2.0,0.0,1.0,1.0,1.0,0.0,1.0,0.0,1.0,0.0,0.0,0.0
122,6318a9b82babc6f278a69007,2023-08-08 14:13:53.055502,2023-08-08 14:44:29.61036,no_system,Bachelor-Abschluss,selbstständig,10.0,9.0,10.0,10.0,1,1,1,1,1,1,1,1,1,1,1,1,1,2,4,2,3,2,2,2,5,3,5,3,3.0,5,2,2,3,4,1,1,3,3,3,3,1,2,2,Stimme überhaupt nicht zu,64d2314fc39c1fe585176c4f,31.583333333333332,126,51,Female,1.0,2.5555555555555554,32.0,1,1.6666666666666667,3.0,0.0,maintenance,weniger prokrastinieren,0,1,1,0,0,0,0,0,2.0,2.0,5.0,4.0,5.0,0.0,4.0,0.0,0.0,0.0,4.0,0.0,0.0,0.0,5.0,4.0,0.0,0.0,0.0,0.0,0.0,0.0,0.0,0.0,0.0,0.0
123,6329829d4edcd4816329effe,2023-08-09 09:28:47.407532,2023-08-09 09:41:29.972139,no_system,Bachelor-Abschluss,Congress Manager ,8.0,8.0,5.0,9.0,2,2,3,3,3,3,3,3,3,3,3,3,2,3,2,2,3,2,2,2,2,3,4,2,2.0,3,3,2,2,4,1,2,3,4,2,2,3,3,3,Stimme überhaupt nicht zu,64d3400f37946ee1877fb0e9,13.233333333333333,216,24,Female,2.8333333333333335,2.2222222222222223,28.0,4,3.0,2.75,4.0,contemplation,weniger prokrastinieren,1,0,0,1,1,0,0,0,2.0,5.0,2.0,6.0,3.0,0.0,5.0,1.0,0.0,0.0,4.0,1.0,0.0,0.0,3.0,4.0,1.0,1.0,0.0,0.0,0.0,0.0,0.0,0.0,0.0,0.0
124,63319b82500975d5229112f6,2023-08-08 10:10:01.756407,2023-08-08 10:35:49.517026,framework,mittlere Reife,Arbeits,10.0,4.0,8.0,9.0,2,3,2,3,2,3,2,2,1,2,1,4,2,3,4,4,5,5,4,4,5,4,5,2,1.0,4,3,4,1,4,3,2,4,4,3,4,2,4,3,Stimme überhaupt nicht zu,64d1f78ea2549cdd3fc11c1a,26.833333333333332,379,29,Male,2.25,4.0,33.0,2,3.0,3.75,1.0,preparation,gesünder essen,1,1,1,1,1,0,0,No,0.0,5.0,2.0,8.0,1.0,0.0,4.0,2.0,2.0,0.0,1.0,1.0,2.0,0.0,1.0,1.0,2.0,1.0,0.0,0.0,2.0,0.0,0.0,2.0,0.0,0.0
125,633be00805d21dbb64ab889a,2023-08-08 16:53:48.357018,2023-08-08 17:22:17.443433,no_system,mittlere Reife,Software-Entwickler (Programmierer),10.0,10.0,10.0,10.0,1,1,4,4,4,4,4,4,4,1,1,2,2,4,5,4,5,4,2,3,5,4,5,3,2.0,4,3,2,2,2,3,1,4,4,2,4,3,2,3,Stimme überhaupt nicht zu,64d25670062bd3d29011bceb,29.3,489,36,Male,2.8333333333333335,3.7777777777777777,31.0,4,2.6666666666666665,3.5,0.0,maintenance,weniger prokrastinieren,1,1,1,0,0,0,0,0,5.0,5.0,2.0,2.0,5.0,2.0,4.0,0.0,0.0,0.0,0.0,3.0,1.0,0.0,5.0,0.0,0.0,1.0,0.0,0.0,0.0,0.0,2.0,1.0,0.0,0.0
126,633e8093f9175b95252b86ef,2023-08-09 11:41:34.336937,2023-08-09 11:57:03.063572,no_system,Bachelor-Abschluss,Studentin,10.0,9.0,9.0,9.0,1,1,3,3,3,3,2,2,2,3,3,4,1,2,2,3,4,3,3,3,4,3,5,3,2.0,3,3,3,2,4,3,1,5,4,4,4,4,4,4,Stimme überhaupt nicht zu,64d35f3287ed76fd270acb3c,16.033333333333335,408,24,Female,2.5,2.7777777777777777,32.0,3,4.0,4.25,0.0,action,gesünder essen,1,0,1,1,0,0,0,0,2.0,7.0,0.0,6.0,2.0,0.0,2.0,2.0,2.0,1.0,1.0,0.0,0.0,1.0,2.0,1.0,2.0,0.0,0.0,0.0,2.0,0.0,0.0,0.0,0.0,0.0
127,63408fcd2af6d768d5901d79,2023-08-11 09:40:58.574896,2023-08-11 09:55:46.111879,framework,Abitur,Altenpfleger,6.0,10.0,1.0,10.0,3,2,2,3,3,4,4,4,4,4,4,4,4,5,5,5,4,5,4,5,4,4,4,4,4.0,2,4,4,5,2,3,4,5,5,5,5,5,4,5,Stimme überhaupt nicht zu,64d5dc62c3c85d2ec14ef338,52.13333333333333,555,34,Male,3.4166666666666665,4.555555555555555,40.0,7,4.666666666666667,5.0,9.0,precontemplation,weniger prokrastinieren,1,1,1,1,1,0,0,0,1.0,7.0,0.0,4.0,4.0,1.0,3.0,2.0,0.0,1.0,1.0,1.0,0.0,1.0,4.0,1.0,2.0,0.0,0.0,0.0,0.0,0.0,1.0,0.0,0.0,0.0
128,63456ccb7a78c1c4821b23ca,2023-08-08 12:05:29.85111,2023-08-08 12:25:13.241421,no_system,Abitur,Student,4.0,5.0,5.0,5.0,1,1,1,1,1,1,1,1,1,1,2,2,1,3,2,2,5,4,2,2,4,2,5,1,1.0,5,1,1,1,5,1,1,3,3,3,1,1,1,1,Stimme überhaupt nicht zu,64d2132c25eedaabcf34bfea,20.683333333333334,511,34,Male,1.1666666666666667,2.7777777777777777,24.0,0,1.0,2.5,0.0,contemplation,weniger prokrastinieren,0,0,0,0,0,1,0,0,3.0,5.0,1.0,3.0,4.0,2.0,5.0,0.0,0.0,2.0,2.0,1.0,0.0,2.0,4.0,1.0,0.0,0.0,1.0,0.0,0.0,0.0,1.0,0.0,0.0,0.0
129,634693f87e70324e7a523b6d,2023-08-10 10:23:53.325752,2023-08-10 10:44:50.636646,framework,abgeschlossene Berufsausbildung,arbeitssuchend,6.0,7.0,1.0,7.0,4,4,1,3,1,4,1,4,3,5,4,4,3,4,5,5,5,5,4,4,5,4,2,4,5.0,5,5,4,4,4,4,2,5,5,5,5,5,5,3,Stimme überhaupt nicht zu,64d49ca47a88a19766408e14,29.15,448,26,Male,3.1666666666666665,4.444444444444445,43.0,4,4.333333333333333,5.0,6.0,precontemplation,weniger prokrastinieren,0.5,0,0,1,0,1,0,0,0.0,7.0,0.0,1.0,7.0,1.0,2.0,0.0,0.0,0.0,2.0,0.0,0.0,0.0,7.0,1.0,0.0,0.0,1.0,0.0,0.0,0.0,0.0,0.0,0.0,0.0
130,637e1da154dddf50b9d82c82,2023-08-11 08:56:09.492224,2023-08-11 09:15:35.893262,framework,Master-Abschluss,Projekt Manager (vollzeit),7.0,5.0,8.0,4.0,3,3,2,2,2,3,2,2,2,3,3,3,3,3,4,3,3,3,5,3,5,4,2,4,4.0,3,4,3,3,4,3,2,4,4,3,3,3,3,3,Stimme überhaupt nicht zu,64d5db620ad9270d9557592c,19.8,419,32,Male,2.5,3.5555555555555554,36.0,6,3.0,3.5,-4.0,preparation,weniger prokrastinieren,1,0,0,1,1,0,0,0,0.0,6.0,1.0,2.0,5.0,2.0,3.0,1.0,0.0,0.0,1.0,2.0,0.0,0.0,5.0,0.0,1.0,1.0,1.0,0.0,0.0,0.0,1.0,0.0,0.0,0.0
131,6384d7973c9a9ef0853aa070,2023-08-14 14:31:22.179037,2023-08-14 14:51:55.017536,no_system,Master-Abschluss,Business Analyst,10.0,7.0,1.0,6.0,2,2,4,3,4,4,4,3,5,4,4,3,1,4,3,3,5,2,3,4,4,4,5,3,4.0,4,5,3,3,4,4,1,5,4,4,5,4,4,5,Stimme überhaupt nicht zu,64da1e3a65f69daf234e62f5,21.9,271,29,Male,3.5,3.2222222222222223,40.0,2,4.333333333333333,4.5,5.0,precontemplation,weniger prokrastinieren,1,1,0.5,0,0,0,0,0,2.0,3.0,4.0,2.0,7.0,0.0,1.0,1.0,0.0,0.0,0.0,0.0,1.0,0.0,7.0,0.0,1.0,0.0,0.0,0.0,0.0,0.0,0.0,1.0,0.0,0.0
132,63b6be80193b85aa1323f8db,2023-08-08 15:01:21.699255,2023-08-08 15:25:05.446841,no_system,abgeschlossene Berufsausbildung,angestellt,7.0,7.0,7.0,7.0,2,1,2,1,1,4,1,2,1,1,1,1,1,1,4,1,2,1,1,1,2,2,5,1,1.0,5,1,2,1,3,1,1,2,1,1,1,2,1,1,Stimme überhaupt nicht zu,64d23c86c737aaf9c1601952,24.183333333333334,267,33,Female,1.5,1.5555555555555556,23.0,2,1.3333333333333333,1.25,0.0,preparation,gesünder essen,0,0,0,0,0,0,0,0,5.0,1.0,6.0,1.0,7.0,1.0,2.0,0.0,0.0,0.0,0.0,1.0,1.0,0.0,7.0,0.0,0.0,1.0,0.0,0.0,0.0,0.0,0.0,0.0,1.0,0.0
133,63b6bfc861dd62d55125a428,2023-08-08 13:14:13.544673,2023-08-08 13:59:39.706849,framework,Bachelor-Abschluss,Teamleiter,10.0,8.0,7.0,7.0,4,4,3,3,3,4,3,4,4,4,5,4,1,4,5,5,5,3,3,3,5,3,3,4,4.0,2,5,3,4,4,3,1,5,5,5,5,4,4,4,Stimme überhaupt nicht zu,64d22263f27eb3d7005fe341,46.2,327,41,Male,3.75,3.7777777777777777,36.0,6,4.0,5.0,0.0,preparation,weniger prokrastinieren,1,0,0,0,0,0,Unsure,0,0.0,5.0,2.0,4.0,2.0,3.0,7.0,0.0,0.0,2.0,4.0,0.0,1.0,2.0,2.0,1.0,0.0,0.0,3.0,0.0,0.0,0.0,0.0,1.0,0.0,0.0
134,63b87d2c9edd47ad702413a1,2023-08-07 16:21:20.105822,2023-08-07 16:39:43.546409,no_system,Master-Abschluss,Arbeit als Ingenieur,8.0,-1.0,7.0,-1.0,3,3,4,5,4,5,3,5,4,4,4,5,3,4,4,4,4,4,4,4,4,4,3,3,4.0,1,4,4,4,4,4,1,4,4,5,4,3,4,3,Stimme überhaupt nicht zu,64d0fccf4df445abde45b557,19.083333333333332,387,24,Male,4.083333333333333,3.888888888888889,36.0,7,3.3333333333333335,4.25,-8.0,preparation,weniger prokrastinieren,0,0,0,1,0,0,0,0,6.0,8.0,0.0,1.0,7.0,1.0,2.0,0.0,0.0,0.0,1.0,1.0,0.0,0.0,7.0,0.0,0.0,1.0,1.0,0.0,0.0,0.0,0.0,0.0,0.0,0.0
135,63bd9467ea3c9a7021048289,2023-08-16 11:28:07.846739,2023-08-16 11:47:32.482439,no_system,Bachelor-Abschluss,Student,5.0,8.0,8.0,7.0,1,1,4,3,5,4,4,4,2,1,3,3,1,1,1,2,2,2,3,2,4,2,5,2,1.0,4,2,2,1,5,1,1,4,4,3,3,2,2,4,Stimme überhaupt nicht zu,64dc95fd670a932859a08d7a,19.85,306,25,Female,2.9166666666666665,2.0,26.0,1,2.6666666666666665,3.5,-1.0,preparation,gesünder essen,0,0,0,1,0,0,0,0,3.0,5.0,2.0,3.0,5.0,1.0,3.0,1.0,0.0,1.0,2.0,0.0,0.0,1.0,5.0,1.0,1.0,0.0,1.0,0.0,0.0,0.0,0.0,0.0,0.0,0.0
136,63c0157fbc63b6511d336764,2023-08-07 15:55:27.037225,2023-08-07 16:15:10.364741,framework,Abitur,Erwerbsunfähig zu Hause ,10.0,7.0,7.0,8.0,1,1,1,2,2,3,1,2,2,2,3,2,1,3,4,3,5,4,3,4,5,3,5,2,2.0,5,2,4,2,5,4,2,5,4,4,4,3,4,3,Stimme überhaupt nicht zu,64d0f6e1fe838539a722b4a7,21.516666666666666,433,44,Female,1.8333333333333333,3.5555555555555554,36.0,0,3.3333333333333335,4.25,1.0,preparation,weniger prokrastinieren,1,1,0,0,0,0,0,0,0.0,6.0,1.0,0.0,7.0,2.0,2.0,0.0,0.0,0.0,0.0,1.0,1.0,0.0,7.0,0.0,0.0,0.0,0.0,0.0,0.0,0.0,1.0,0.0,1.0,0.0
137,63c0248462575e87cc07777e,2023-08-16 10:44:42.314731,2023-08-16 11:02:49.609663,no_system,Bachelor-Abschluss,Angestellter,8.0,4.0,6.0,5.0,1,2,3,2,3,2,3,4,4,2,2,2,1,2,2,4,4,4,2,2,3,4,3,3,1.0,4,4,3,2,5,4,2,4,4,3,3,3,3,4,Stimme überhaupt nicht zu,64dc8c44c4bc6cf69ee2ecde,19.066666666666666,123,32,Male,2.5,2.6666666666666665,35.0,3,3.3333333333333335,3.5,-1.0,contemplation,weniger prokrastinieren,0.5,0,0,0,0,0,0,0,1.0,5.0,2.0,3.0,6.0,0.0,3.0,0.0,0.0,1.0,2.0,0.0,0.0,1.0,6.0,2.0,0.0,0.0,0.0,0.0,0.0,0.0,0.0,0.0,0.0,0.0
138,63c23f21142a12bcbe0c9ebe,2023-08-11 09:16:37.374934,2023-08-11 09:40:08.67066,framework,Bachelor-Abschluss,Angestellter im öffentlichen Dienst,8.0,8.0,7.0,8.0,3,2,3,3,2,2,4,4,3,3,4,4,2,4,3,4,5,5,4,4,5,5,2,4,4.0,2,5,3,2,5,4,2,4,4,3,4,4,4,4,Stimme überhaupt nicht zu,64d5e03fbd6b4bdfdaed8c2c,23.95,115,34,Male,3.0833333333333335,4.0,38.0,6,4.0,3.75,1.0,preparation,weniger prokrastinieren,0.5,1,0.5,1,1,0,0,0,0.0,6.0,1.0,1.0,4.0,4.0,4.0,1.0,0.0,0.0,3.0,1.0,0.0,0.0,4.0,0.0,1.0,0.0,3.0,0.0,0.0,0.0,1.0,0.0,0.0,0.0
139,63c33a62f56571779a295a6f,2023-08-07 17:33:33.970798,2023-08-07 17:49:55.373439,no_system,Bachelor-Abschluss,Angestellte,9.0,9.0,7.0,10.0,4,4,3,4,3,3,3,3,3,4,5,5,2,3,5,4,5,5,4,4,4,5,5,2,3.0,2,4,4,4,4,4,2,4,4,5,4,1,4,1,Stimme überhaupt nicht zu,64d10eab84fa05faa6ffe7f9,16.783333333333335,490,34,Female,3.6666666666666665,4.0,39.0,4,2.0,4.25,3.0,preparation,weniger prokrastinieren,0.5,0.5,0,1,0,0,0,No,1.0,6.0,1.0,1.0,6.0,2.0,3.0,0.0,0.0,0.0,3.0,0.0,0.0,0.0,6.0,1.0,0.0,0.0,2.0,0.0,0.0,0.0,0.0,0.0,0.0,0.0
140,63c658437791ac7be49f06e9,2023-08-10 09:38:55.253928,2023-08-10 09:58:42.573063,no_system,abgeschlossene Berufsausbildung,Arbeitssuchend,9.0,9.0,9.0,10.0,2,1,4,2,5,5,3,3,1,2,4,3,3,4,5,5,5,4,4,4,5,3,4,4,3.0,3,3,3,2,4,3,1,5,3,3,3,4,5,4,Stimme überhaupt nicht zu,64d493fb6d04d639c301d57a,20.15,313,26,Male,2.9166666666666665,4.333333333333333,33.0,4,4.333333333333333,3.5,1.0,action,weniger prokrastinieren,1,1,1,1,1,0,0,0,4.0,5.0,2.0,6.0,2.0,0.0,6.0,0.0,0.0,1.0,4.0,1.0,0.0,1.0,2.0,4.0,0.0,1.0,0.0,0.0,0.0,0.0,0.0,0.0,0.0,0.0
141,63cfa22c2f0dbd0f7203695f,2023-08-07 17:33:07.838013,2023-08-07 17:47:06.510839,framework,Doktor-Grad,Unterrichten,9.0,6.0,4.0,6.0,3,3,3,3,4,4,3,4,4,3,2,2,1,3,4,5,4,4,4,4,4,3,3,3,4.0,3,3,4,3,4,3,1,4,4,4,4,3,4,3,Stimme überhaupt nicht zu,64d10e5b29e8d384043aafa3,15.033333333333333,343,38,Male,3.1666666666666665,3.6666666666666665,34.0,5,3.3333333333333335,4.0,2.0,contemplation,gesünder essen,0.5,0,0,0,0,0,0,0,1.0,4.0,3.0,3.0,5.0,1.0,3.0,0.0,1.0,0.0,3.0,0.0,0.0,0.0,5.0,2.0,0.0,0.0,1.0,0.0,1.0,0.0,0.0,0.0,0.0,0.0
142,63d2c20ec51e93a7c7a44ffe,2023-08-08 13:23:38.841362,2023-08-08 13:40:32.597977,no_system,Abitur,Student,9.0,8.0,8.0,8.0,1,1,1,1,3,1,1,1,1,1,1,3,1,2,4,2,5,4,1,1,1,1,5,3,2.0,5,2,2,2,5,2,1,4,3,3,3,1,3,3,Stimme überhaupt nicht zu,64d2251c8cb5291d038b1be5,19.483333333333334,326,30,Male,1.3333333333333333,2.3333333333333335,30.0,0,2.3333333333333335,3.25,0.0,preparation,weniger prokrastinieren,0.5,0,0,0,0,1,0,0,0.0,7.0,0.0,4.0,5.0,0.0,4.0,0.0,0.0,1.0,2.0,1.0,0.0,1.0,5.0,2.0,0.0,1.0,0.0,0.0,0.0,0.0,0.0,0.0,0.0,0.0
143,63df8b424e8794c407667be9,2023-08-08 09:48:11.038767,2023-08-08 10:06:07.583035,framework,Master-Abschluss,I,7.0,6.0,8.0,8.0,3,3,2,2,3,3,2,3,2,3,2,4,1,2,3,4,4,4,4,3,4,3,4,4,3.0,3,3,4,2,5,2,1,4,4,4,4,3,3,3,Stimme überhaupt nicht zu,64d1f313314e3ceb534d00ac,18.766666666666666,47,30,Male,2.6666666666666665,3.2222222222222223,34.0,3,3.0,4.0,0.0,preparation,weniger prokrastinieren,0.5,0,0,0.5,0,0,0,No,0.0,6.0,1.0,2.0,6.0,1.0,3.0,0.0,0.0,0.0,2.0,1.0,0.0,0.0,6.0,2.0,0.0,0.0,0.0,0.0,0.0,0.0,1.0,0.0,0.0,0.0
144,63dfd4fb58435f30c7e5b04b,2023-08-07 16:17:19.97459,2023-08-07 16:35:55.555365,framework,Bachelor-Abschluss,Vertriebsmitarbeiter (nebenbei Student),6.0,2.0,7.0,8.0,2,3,3,3,3,4,3,3,3,2,1,3,3,3,4,4,4,4,2,2,3,4,3,3,2.0,5,2,4,2,5,4,1,5,5,5,4,4,4,3,Stimme überhaupt nicht zu,64d0fccdcf516cbd79a20152,19.016666666666666,413,31,Male,2.75,3.2222222222222223,35.0,2,3.6666666666666665,4.75,1.0,preparation,weniger prokrastinieren,1,1,1,1,1,0,0,0,0.0,5.0,2.0,6.0,3.0,0.0,4.0,1.0,1.0,1.0,3.0,0.0,0.0,1.0,3.0,3.0,1.0,0.0,0.0,0.0,1.0,0.0,0.0,0.0,0.0,0.0
145,63e1187a668c92bfd9371d1e,2023-08-09 10:38:37.689013,2023-08-09 10:59:16.28256,framework,Master-Abschluss,Doktorandin und Wissenschaftliche Hilfskraft,10.0,9.0,9.0,9.0,1,1,1,1,1,1,1,1,1,1,1,1,1,1,1,1,3,3,1,1,1,1,5,1,1.0,5,1,1,1,5,1,1,3,2,1,3,1,1,1,Stimme überhaupt nicht zu,64d34febb3724aea6656dbd2,23.383333333333333,297,25,Female,1.0,1.4444444444444444,23.0,0,1.0,2.25,0.0,action,weniger prokrastinieren,0.5,0.5,0,0,0,1,No,0,0.0,0.0,7.0,2.0,6.0,1.0,2.0,0.0,1.0,1.0,0.0,0.0,1.0,1.0,6.0,0.0,0.0,0.0,0.0,1.0,0.0,0.0,0.0,1.0,0.0,0.0
146,63eb38339e72d01818aeb71b,2023-08-10 10:46:24.507296,2023-08-10 10:58:59.521077,no_system,Master-Abschluss,Bauingenieur,6.0,6.0,5.0,6.0,2,2,1,3,1,3,1,3,4,4,4,5,1,2,2,4,4,5,3,3,4,3,2,4,3.0,2,2,3,3,3,3,3,4,3,4,4,1,1,1,Stimme überhaupt nicht zu,64d4a3c84cf7b4062ebc0da6,13.016666666666667,321,35,Male,2.75,3.111111111111111,31.0,8,1.0,3.75,1.0,contemplation,weniger prokrastinieren,0,0,0,1,0,0,0,0,7.0,5.0,2.0,2.0,6.0,1.0,2.0,1.0,0.0,0.0,2.0,0.0,0.0,0.0,6.0,1.0,1.0,0.0,1.0,0.0,0.0,0.0,0.0,0.0,0.0,0.0
147,63eb52907a3f28213aebbc35,2023-08-11 09:15:17.892123,2023-08-11 10:05:13.889424,no_system,Master-Abschluss,Software-Architektur,10.0,4.0,5.0,5.0,1,1,1,1,3,2,3,3,1,1,4,1,3,2,3,5,4,2,1,1,5,4,4,4,2.0,2,2,4,2,5,2,1,2,2,5,5,2,5,5,Stimme überhaupt nicht zu,64d5dfeac05b75738205ee40,50.666666666666664,141,53,Male,1.8333333333333333,2.888888888888889,32.0,4,4.0,3.5,0.0,contemplation,nachhaltiger leben,0,0,0,0,0,0,0,No,6.0,5.0,2.0,2.0,4.0,3.0,4.0,1.0,0.0,0.0,1.0,3.0,0.0,0.0,4.0,1.0,1.0,0.0,0.0,0.0,0.0,0.0,3.0,0.0,0.0,0.0
148,63eb720c64d95ef6918080f4,2023-08-16 17:27:57.873025,2023-08-16 17:39:02.457453,framework,abgeschlossene Berufsausbildung,Leiter Software,9.0,9.0,9.0,9.0,1,1,1,1,1,1,1,1,1,1,1,4,1,1,5,1,5,1,1,1,1,2,5,1,1.0,5,1,1,1,5,1,1,5,5,1,3,1,4,1,Stimme überhaupt nicht zu,64dceae7fdc9dbdef11a4278,11.416666666666666,237,26,Male,1.25,1.8888888888888888,24.0,0,2.0,3.5,0.0,action,weniger prokrastinieren,1,0,0,1,0,0,0,No,0.0,4.0,3.0,6.0,3.0,0.0,5.0,1.0,0.0,2.0,0.0,1.0,2.0,2.0,3.0,0.0,1.0,1.0,0.0,0.0,0.0,0.0,0.0,2.0,0.0,0.0
149,63eb7c1abdbdf911ec1201ab,2023-08-08 16:53:50.856273,2023-08-08 17:11:06.799882,framework,Bachelor-Abschluss,Beamter,9.0,5.0,8.0,8.0,1,1,2,3,4,2,3,3,2,1,1,2,2,2,1,2,3,2,1,1,4,4,2,4,3.0,3,4,3,2,5,1,1,3,2,2,2,2,2,3,Stimme überhaupt nicht zu,64d256d77fdd492218574adb,18.066666666666666,131,24,Male,2.0833333333333335,2.0,32.0,5,2.3333333333333335,2.25,0.0,preparation,weniger prokrastinieren,1,0,0,0,0,0,0,No,0.0,3.0,4.0,2.0,7.0,0.0,2.0,0.0,0.0,2.0,0.0,0.0,0.0,2.0,7.0,0.0,0.0,0.0,0.0,0.0,0.0,0.0,0.0,0.0,0.0,0.0
150,63ebd41e5ff2ef71859ea5aa,2023-08-09 12:11:21.36351,2023-08-09 12:28:33.625937,framework,Bachelor-Abschluss,Vertriebsingenieur,7.0,7.0,7.0,7.0,1,1,2,3,3,1,1,3,1,2,3,3,2,2,3,4,4,4,4,4,4,3,5,3,2.0,3,3,3,1,5,2,1,5,5,4,4,4,4,4,Stimme überhaupt nicht zu,64d3646ae012bc71afae9ca6,24.666666666666668,271,24,Male,2.0,3.4444444444444446,31.0,2,4.0,4.5,0.0,preparation,gesünder essen,1,1,0,1,0,0,0,0,1.0,7.0,0.0,2.0,4.0,3.0,5.0,0.0,0.0,0.0,4.0,1.0,0.0,0.0,4.0,2.0,0.0,0.0,2.0,0.0,0.0,0.0,1.0,0.0,0.0,0.0
151,63f6216fd56701af4b7188f4,2023-08-09 10:47:58.4577,2023-08-09 11:11:19.951355,no_system,Bachelor-Abschluss,Supply Chain Management,7.0,7.0,5.0,6.0,2,1,1,5,3,5,4,5,1,3,5,4,1,2,5,5,5,5,4,4,5,4,5,5,2.0,5,4,5,3,4,4,1,5,5,4,5,2,4,3,Stimme überhaupt nicht zu,64d351c15af6415c0602a88c,27.6,298,30,Male,3.25,4.0,42.0,1,3.0,4.75,1.0,contemplation,gesünder essen,1,0,0,1,0,0,0,0,3.0,7.0,0.0,6.0,2.0,1.0,4.0,3.0,0.0,1.0,1.0,0.0,2.0,1.0,2.0,0.0,3.0,0.0,1.0,0.0,0.0,0.0,0.0,2.0,0.0,0.0
152,63f96a371bb85d609a6a9c2c,2023-08-10 14:04:26.085861,2023-08-10 14:18:51.144507,no_system,Abitur,Student,7.0,7.0,6.0,7.0,3,3,2,3,3,4,3,3,4,4,4,4,2,3,4,3,4,5,3,4,4,4,3,3,3.0,3,3,3,3,2,4,4,4,4,4,4,4,4,4,Stimme überhaupt nicht zu,64d4d1fa262645c19754ed27,15.616666666666667,274,21,Female,3.3333333333333335,3.5555555555555554,35.0,7,4.0,4.0,1.0,contemplation,weniger prokrastinieren,0,0,0,0,0,0,unsure,0,6.0,5.0,2.0,2.0,5.0,2.0,3.0,1.0,0.0,1.0,0.0,1.0,1.0,1.0,5.0,0.0,1.0,0.0,0.0,0.0,0.0,0.0,1.0,0.0,1.0,0.0
153,63fc37d285b211e89eb39f79,2023-08-14 15:37:14.332403,2023-08-14 16:09:01.198191,no_system,mittlere Reife,Arbeitsunfähig,10.0,5.0,6.0,5.0,2,3,5,5,5,4,5,3,2,2,2,4,1,2,2,5,5,5,4,4,5,4,5,3,4.0,4,3,5,4,4,3,1,5,5,5,5,4,5,5,Stimme überhaupt nicht zu,64da2de18f089e007ce53829,32.5,118,19,Female,3.5,3.6666666666666665,40.0,2,4.666666666666667,5.0,-1.0,contemplation,weniger prokrastinieren,1,1,0,1,0,0,0,0,3.0,7.0,0.0,1.0,6.0,2.0,3.0,0.0,0.0,0.0,3.0,0.0,0.0,0.0,6.0,1.0,0.0,0.0,2.0,0.0,0.0,0.0,0.0,0.0,0.0,0.0
154,63fce1d62af707fa9a407725,2023-08-10 12:47:09.320405,2023-08-10 13:05:20.021144,no_system,Abitur,Student,10.0,7.0,6.0,7.0,4,3,5,1,1,2,3,3,2,4,4,5,2,4,4,4,5,5,4,5,5,5,2,4,2.0,4,4,3,4,5,3,1,5,4,4,5,5,5,4,Stimme überhaupt nicht zu,64d4bfc734fdfd660aa1d5da,18.85,266,23,Male,3.0833333333333335,4.222222222222222,37.0,4,4.666666666666667,4.5,1.0,contemplation,weniger prokrastinieren,1,1,1,0,0,0,0,0,2.0,5.0,2.0,6.0,3.0,0.0,6.0,0.0,0.0,0.0,5.0,1.0,0.0,0.0,3.0,5.0,0.0,1.0,0.0,0.0,0.0,0.0,0.0,0.0,0.0,0.0
155,63fd0b137e38c72ea19176aa,2023-08-08 13:23:23.529339,2023-08-08 13:43:31.954597,framework,Abitur,Student,9.0,8.0,6.0,9.0,3,2,1,3,1,3,1,3,1,4,4,4,2,3,2,5,5,5,3,3,4,5,5,4,1.0,5,4,5,1,3,5,1,5,5,4,4,1,1,1,Stimme überhaupt nicht zu,64d225650565d69d2a3b547d,21.0,286,22,Male,2.5,3.5555555555555554,39.0,2,1.0,4.5,3.0,contemplation,weniger prokrastinieren,1,1,1,1,1,0,0,0,0.0,7.0,0.0,5.0,4.0,0.0,4.0,0.0,1.0,0.0,3.0,1.0,0.0,0.0,4.0,3.0,0.0,1.0,0.0,0.0,1.0,0.0,0.0,0.0,0.0,0.0
156,63ff4bca9f6d50bb62ae683d,2023-08-16 09:25:42.165228,2023-08-16 09:41:10.5723,no_system,Abitur,Soical MEdia Manager,2.0,6.0,1.0,2.0,2,2,3,3,3,3,3,4,2,3,3,2,2,3,3,4,4,5,3,3,4,2,5,2,3.0,3,4,3,4,4,3,3,5,4,5,4,2,3,3,Stimme überhaupt nicht zu,64dc7992fd5c8149d3b5d4f2,17.216666666666665,240,25,Male,2.75,3.4444444444444446,36.0,3,2.6666666666666665,4.5,1.0,precontemplation,weniger prokrastinieren,0,0,0,0,0,0,0,0,5.0,6.0,1.0,2.0,7.0,0.0,2.0,0.0,0.0,0.0,2.0,0.0,0.0,0.0,7.0,2.0,0.0,0.0,0.0,0.0,0.0,0.0,0.0,0.0,0.0,0.0
